timestamp,memory_usage_gb,unit
01.04.24 21:33,0.045,GB
01.04.24 21:33,0.045,GB
01.04.24 21:33,0.046,GB
01.04.24 21:33,0.046,GB
01.04.24 21:33,0.047,GB
01.04.24 21:33,0.047,GB
01.04.24 21:33,0.183,GB
01.04.24 21:33,0.805,GB
01.04.24 21:33,1.6,GB
01.04.24 21:33,2.148,GB
01.04.24 21:33,2.192,GB
01.04.24 21:33,2.205,GB
01.04.24 21:33,2.215,GB
01.04.24 21:33,2.241,GB
01.04.24 21:33,2.236,GB
01.04.24 21:33,2.26,GB
01.04.24 21:33,2.271,GB
01.04.24 21:33,2.292,GB
01.04.24 21:34,2.33,GB
01.04.24 21:34,2.429,GB
01.04.24 21:34,2.434,GB
01.04.24 21:34,2.439,GB
01.04.24 21:34,2.444,GB
01.04.24 21:34,2.449,GB
01.04.24 21:34,2.39,GB
01.04.24 21:34,2.392,GB
01.04.24 21:34,2.392,GB
01.04.24 21:34,2.418,GB
01.04.24 21:34,2.42,GB
01.04.24 21:34,2.422,GB
01.04.24 21:34,2.424,GB
01.04.24 21:34,2.426,GB
01.04.24 21:34,2.427,GB
01.04.24 21:34,2.428,GB
01.04.24 21:34,2.432,GB
01.04.24 21:34,2.435,GB
01.04.24 21:34,2.442,GB
01.04.24 21:34,2.446,GB
01.04.24 21:34,2.467,GB
01.04.24 21:34,2.5,GB
01.04.24 21:34,2.552,GB
01.04.24 21:34,2.613,GB
01.04.24 21:34,2.666,GB
01.04.24 21:34,2.709,GB
01.04.24 21:34,2.753,GB
01.04.24 21:34,2.809,GB
01.04.24 21:34,2.871,GB
01.04.24 21:34,2.923,GB
01.04.24 21:34,2.988,GB
01.04.24 21:34,3.036,GB
01.04.24 21:34,3.083,GB
01.04.24 21:34,3.143,GB
01.04.24 21:34,3.186,GB
01.04.24 21:34,3.252,GB
01.04.24 21:34,3.29,GB
01.04.24 21:34,3.357,GB
01.04.24 21:34,3.403,GB
01.04.24 21:34,3.461,GB
01.04.24 21:34,3.528,GB
01.04.24 21:34,3.573,GB
01.04.24 21:34,3.621,GB
01.04.24 21:34,3.691,GB
01.04.24 21:34,3.754,GB
01.04.24 21:34,3.808,GB
01.04.24 21:34,3.86,GB
01.04.24 21:34,3.914,GB
01.04.24 21:34,3.957,GB
01.04.24 21:34,4.002,GB
01.04.24 21:34,4.053,GB
01.04.24 21:34,4.113,GB
01.04.24 21:34,4.181,GB
01.04.24 21:34,4.236,GB
01.04.24 21:34,4.287,GB
01.04.24 21:34,4.349,GB
01.04.24 21:34,4.401,GB
01.04.24 21:34,4.448,GB
01.04.24 21:35,4.509,GB
01.04.24 21:35,4.56,GB
01.04.24 21:35,4.608,GB
01.04.24 21:35,4.657,GB
01.04.24 21:35,4.709,GB
01.04.24 21:35,4.759,GB
01.04.24 21:35,4.813,GB
01.04.24 21:35,4.867,GB
01.04.24 21:35,4.92,GB
01.04.24 21:35,4.964,GB
01.04.24 21:35,5.031,GB
01.04.24 21:35,5.086,GB
01.04.24 21:35,5.136,GB
01.04.24 21:35,5.184,GB
01.04.24 21:35,5.23,GB
01.04.24 21:35,5.278,GB
01.04.24 21:35,5.317,GB
01.04.24 21:35,5.368,GB
01.04.24 21:35,5.417,GB
01.04.24 21:35,5.466,GB
01.04.24 21:35,5.513,GB
01.04.24 21:35,5.566,GB
01.04.24 21:35,5.618,GB
01.04.24 21:35,5.676,GB
01.04.24 21:35,5.739,GB
01.04.24 21:35,5.796,GB
01.04.24 21:35,5.84,GB
01.04.24 21:35,5.896,GB
01.04.24 21:35,5.953,GB
01.04.24 21:35,6.005,GB
01.04.24 21:35,6.065,GB
01.04.24 21:35,6.106,GB
01.04.24 21:35,6.151,GB
01.04.24 21:35,6.193,GB
01.04.24 21:35,6.24,GB
01.04.24 21:35,6.273,GB
01.04.24 21:35,6.317,GB
01.04.24 21:35,6.367,GB
01.04.24 21:35,6.409,GB
01.04.24 21:35,6.451,GB
01.04.24 21:35,6.49,GB
01.04.24 21:35,6.528,GB
01.04.24 21:35,6.57,GB
01.04.24 21:35,6.615,GB
01.04.24 21:35,6.668,GB
01.04.24 21:35,6.721,GB
01.04.24 21:35,6.773,GB
01.04.24 21:35,6.815,GB
01.04.24 21:35,6.854,GB
01.04.24 21:35,6.895,GB
01.04.24 21:35,6.934,GB
01.04.24 21:35,7.03,GB
01.04.24 21:35,7.046,GB
01.04.24 21:35,7.046,GB
01.04.24 21:35,7.046,GB
01.04.24 21:35,7.046,GB
01.04.24 21:35,7.047,GB
01.04.24 21:35,7.047,GB
01.04.24 21:35,7.047,GB
01.04.24 21:36,7.047,GB
01.04.24 21:36,7.047,GB
01.04.24 21:36,7.047,GB
01.04.24 21:36,7.047,GB
01.04.24 21:36,7.047,GB
01.04.24 21:36,7.047,GB
01.04.24 21:36,7.047,GB
01.04.24 21:36,7.048,GB
01.04.24 21:36,7.049,GB
01.04.24 21:36,7.101,GB
01.04.24 21:36,7.201,GB
01.04.24 21:36,7.351,GB
01.04.24 21:36,7.447,GB
01.04.24 21:36,7.458,GB
01.04.24 21:36,7.538,GB
01.04.24 21:36,7.538,GB
01.04.24 21:36,7.55,GB
01.04.24 21:36,7.606,GB
01.04.24 21:36,7.97,GB
01.04.24 21:36,8.165,GB
01.04.24 21:36,8.411,GB
01.04.24 21:36,8.423,GB
01.04.24 21:36,8.424,GB
01.04.24 21:36,8.428,GB
01.04.24 21:36,8.519,GB
01.04.24 21:36,8.891,GB
01.04.24 21:36,9.021,GB
01.04.24 21:36,9.174,GB
01.04.24 21:36,9.16,GB
01.04.24 21:36,9.165,GB
01.04.24 21:36,9.224,GB
01.04.24 21:36,9.234,GB
01.04.24 21:36,9.275,GB
01.04.24 21:36,9.368,GB
01.04.24 21:36,9.462,GB
01.04.24 21:36,9.559,GB
01.04.24 21:36,9.658,GB
01.04.24 21:36,9.756,GB
01.04.24 21:36,9.837,GB
01.04.24 21:36,9.947,GB
01.04.24 21:36,9.966,GB
01.04.24 21:36,9.683,GB
01.04.24 21:36,9.45,GB
01.04.24 21:36,9.263,GB
01.04.24 21:36,9.238,GB
01.04.24 21:36,9.386,GB
01.04.24 21:36,9.209,GB
01.04.24 21:36,8.993,GB
01.04.24 21:36,8.885,GB
01.04.24 21:36,8.86,GB
01.04.24 21:36,8.786,GB
01.04.24 21:36,8.773,GB
01.04.24 21:36,8.741,GB
01.04.24 21:36,8.457,GB
01.04.24 21:36,8.359,GB
01.04.24 21:36,8.362,GB
01.04.24 21:36,8.385,GB
01.04.24 21:36,8.395,GB
01.04.24 21:37,8.492,GB
01.04.24 21:37,8.598,GB
01.04.24 21:37,8.72,GB
01.04.24 21:37,8.84,GB
01.04.24 21:37,8.703,GB
01.04.24 21:37,8.375,GB
01.04.24 21:37,7.831,GB
01.04.24 21:37,7.524,GB
01.04.24 21:37,7.897,GB
01.04.24 21:37,7.734,GB
01.04.24 21:37,8.148,GB
01.04.24 21:37,8.044,GB
01.04.24 21:37,7.702,GB
01.04.24 21:37,7.456,GB
01.04.24 21:37,7.796,GB
01.04.24 21:37,7.825,GB
01.04.24 21:37,8.22,GB
01.04.24 21:37,8.188,GB
01.04.24 21:37,7.717,GB
01.04.24 21:37,7.607,GB
01.04.24 21:37,7.292,GB
01.04.24 21:37,6.853,GB
01.04.24 21:37,6.544,GB
01.04.24 21:37,6.582,GB
01.04.24 21:37,6.722,GB
01.04.24 21:37,6.48,GB
01.04.24 21:37,6.235,GB
01.04.24 21:37,6.026,GB
01.04.24 21:37,5.943,GB
01.04.24 21:37,6.068,GB
01.04.24 21:37,6.052,GB
01.04.24 21:37,6.031,GB
01.04.24 21:37,5.99,GB
01.04.24 21:37,6.039,GB
01.04.24 21:37,5.965,GB
01.04.24 21:37,5.983,GB
01.04.24 21:37,6,GB
01.04.24 21:37,5.971,GB
01.04.24 21:37,5.565,GB
01.04.24 21:37,5.312,GB
01.04.24 21:37,5.432,GB
01.04.24 21:37,5.547,GB
01.04.24 21:37,5.49,GB
01.04.24 21:37,5.145,GB
01.04.24 21:37,5.076,GB
01.04.24 21:37,5.116,GB
01.04.24 21:37,5.046,GB
01.04.24 21:37,5.042,GB
01.04.24 21:37,5.041,GB
01.04.24 21:37,5.094,GB
01.04.24 21:37,5.448,GB
01.04.24 21:37,6.114,GB
01.04.24 21:37,6.268,GB
01.04.24 21:37,6.084,GB
01.04.24 21:37,5.781,GB
01.04.24 21:37,5.769,GB
01.04.24 21:37,5.642,GB
01.04.24 21:37,5.647,GB
01.04.24 21:38,5.603,GB
01.04.24 21:38,5.581,GB
01.04.24 21:38,5.609,GB
01.04.24 21:38,5.71,GB
01.04.24 21:38,5.778,GB
01.04.24 21:38,5.848,GB
01.04.24 21:38,6.161,GB
01.04.24 21:38,6.318,GB
01.04.24 21:38,6.567,GB
01.04.24 21:38,6.717,GB
01.04.24 21:38,6.553,GB
01.04.24 21:38,6.624,GB
01.04.24 21:38,6.617,GB
01.04.24 21:38,6.476,GB
01.04.24 21:38,6.333,GB
01.04.24 21:38,6.168,GB
01.04.24 21:38,6.119,GB
01.04.24 21:38,5.464,GB
01.04.24 21:38,5.097,GB
01.04.24 21:38,5.156,GB
01.04.24 21:38,5.163,GB
01.04.24 21:38,5.088,GB
01.04.24 21:38,5.161,GB
01.04.24 21:38,5.119,GB
01.04.24 21:38,5.337,GB
01.04.24 21:38,6.002,GB
01.04.24 21:38,6.653,GB
01.04.24 21:38,7.529,GB
01.04.24 21:38,8.154,GB
01.04.24 21:38,8.792,GB
01.04.24 21:38,9.56,GB
01.04.24 21:38,9.97,GB
01.04.24 21:38,10.787,GB
01.04.24 21:38,11.708,GB
01.04.24 21:38,12.658,GB
01.04.24 21:38,13.649,GB
01.04.24 21:38,14.432,GB
01.04.24 21:38,15.142,GB
01.04.24 21:38,15.476,GB
01.04.24 21:38,14.728,GB
01.04.24 21:38,14.014,GB
01.04.24 21:38,13.27,GB
01.04.24 21:38,12.673,GB
01.04.24 21:38,11.926,GB
01.04.24 21:38,11.265,GB
01.04.24 21:38,10.65,GB
01.04.24 21:38,10.123,GB
01.04.24 21:38,9.717,GB
01.04.24 21:38,9.261,GB
01.04.24 21:38,9.168,GB
01.04.24 21:38,8.851,GB
01.04.24 21:38,8.462,GB
01.04.24 21:38,7.837,GB
01.04.24 21:38,7.682,GB
01.04.24 21:38,7.214,GB
01.04.24 21:38,6.786,GB
01.04.24 21:38,6.82,GB
01.04.24 21:38,6.608,GB
01.04.24 21:38,6.605,GB
01.04.24 21:39,6.495,GB
01.04.24 21:39,6.41,GB
01.04.24 21:39,6.337,GB
01.04.24 21:39,6.366,GB
01.04.24 21:39,6.351,GB
01.04.24 21:39,6.233,GB
01.04.24 21:39,6.234,GB
01.04.24 21:39,6.332,GB
01.04.24 21:39,6.41,GB
01.04.24 21:39,6.391,GB
01.04.24 21:39,7.089,GB
01.04.24 21:39,7.614,GB
01.04.24 21:39,7.691,GB
01.04.24 21:39,7.309,GB
01.04.24 21:39,7.031,GB
01.04.24 21:39,6.728,GB
01.04.24 21:39,6.618,GB
01.04.24 21:39,6.933,GB
01.04.24 21:39,7.145,GB
01.04.24 21:39,6.585,GB
01.04.24 21:39,6.375,GB
01.04.24 21:39,6.5,GB
01.04.24 21:39,6.465,GB
01.04.24 21:39,6.397,GB
01.04.24 21:39,6.396,GB
01.04.24 21:39,6.45,GB
01.04.24 21:39,6.353,GB
01.04.24 21:39,6.056,GB
01.04.24 21:39,5.592,GB
01.04.24 21:39,5.386,GB
01.04.24 21:39,5.804,GB
01.04.24 21:39,6.205,GB
01.04.24 21:39,6.635,GB
01.04.24 21:39,7.091,GB
01.04.24 21:39,7.503,GB
01.04.24 21:39,7.235,GB
01.04.24 21:39,6.9,GB
01.04.24 21:39,6.597,GB
01.04.24 21:39,5.937,GB
01.04.24 21:39,6.304,GB
01.04.24 21:39,6.831,GB
01.04.24 21:39,6.849,GB
01.04.24 21:39,6.674,GB
01.04.24 21:39,6.133,GB
01.04.24 21:39,5.761,GB
01.04.24 21:39,5.384,GB
01.04.24 21:39,5.078,GB
01.04.24 21:39,5.113,GB
01.04.24 21:39,4.929,GB
01.04.24 21:39,4.866,GB
01.04.24 21:39,4.967,GB
01.04.24 21:39,5.553,GB
01.04.24 21:39,6.014,GB
01.04.24 21:39,5.3,GB
01.04.24 21:39,4.967,GB
01.04.24 21:39,4.548,GB
01.04.24 21:39,4.395,GB
01.04.24 21:39,5.044,GB
01.04.24 21:40,6.071,GB
01.04.24 21:40,6.781,GB
01.04.24 21:40,7.381,GB
01.04.24 21:40,7.042,GB
01.04.24 21:40,6.267,GB
01.04.24 21:40,5.787,GB
01.04.24 21:40,5.641,GB
01.04.24 21:40,5.316,GB
01.04.24 21:40,6.03,GB
01.04.24 21:40,6.859,GB
01.04.24 21:40,6.842,GB
01.04.24 21:40,6.388,GB
01.04.24 21:40,6.125,GB
01.04.24 21:40,6.23,GB
01.04.24 21:40,6.216,GB
01.04.24 21:40,6.177,GB
01.04.24 21:40,6.125,GB
01.04.24 21:40,6.229,GB
01.04.24 21:40,5.526,GB
01.04.24 21:40,5.488,GB
01.04.24 21:40,5.508,GB
01.04.24 21:40,6.068,GB
01.04.24 21:40,6.544,GB
01.04.24 21:40,6.955,GB
01.04.24 21:40,7.291,GB
01.04.24 21:40,7.644,GB
01.04.24 21:40,7.393,GB
01.04.24 21:40,6.84,GB
01.04.24 21:40,6.463,GB
01.04.24 21:40,6.227,GB
01.04.24 21:40,5.656,GB
01.04.24 21:40,5.174,GB
01.04.24 21:40,4.906,GB
01.04.24 21:40,4.952,GB
01.04.24 21:40,5.125,GB
01.04.24 21:40,5.278,GB
01.04.24 21:40,5.001,GB
01.04.24 21:40,4.657,GB
01.04.24 21:40,4.469,GB
01.04.24 21:40,4.859,GB
01.04.24 21:40,5.614,GB
01.04.24 21:40,5.774,GB
01.04.24 21:40,5.349,GB
01.04.24 21:40,4.816,GB
01.04.24 21:40,4.727,GB
01.04.24 21:40,4.766,GB
01.04.24 21:40,5.172,GB
01.04.24 21:40,5.495,GB
01.04.24 21:40,5.994,GB
01.04.24 21:40,6.262,GB
01.04.24 21:40,5.956,GB
01.04.24 21:40,6.237,GB
01.04.24 21:40,6.722,GB
01.04.24 21:40,6.979,GB
01.04.24 21:40,7.482,GB
01.04.24 21:40,7.977,GB
01.04.24 21:40,8.523,GB
01.04.24 21:40,8.08,GB
01.04.24 21:40,7.493,GB
01.04.24 21:41,6.925,GB
01.04.24 21:41,6.747,GB
01.04.24 21:41,6.285,GB
01.04.24 21:41,5.973,GB
01.04.24 21:41,5.722,GB
01.04.24 21:41,5.651,GB
01.04.24 21:41,6.052,GB
01.04.24 21:41,6.583,GB
01.04.24 21:41,6.559,GB
01.04.24 21:41,6.145,GB
01.04.24 21:41,5.698,GB
01.04.24 21:41,5.934,GB
01.04.24 21:41,5.934,GB
01.04.24 21:41,6.003,GB
01.04.24 21:41,6.137,GB
01.04.24 21:41,6.18,GB
01.04.24 21:41,6.55,GB
01.04.24 21:41,7.361,GB
01.04.24 21:41,7.093,GB
01.04.24 21:41,6.404,GB
01.04.24 21:41,6.316,GB
01.04.24 21:41,6.498,GB
01.04.24 21:41,6.392,GB
01.04.24 21:41,6.6,GB
01.04.24 21:41,7.415,GB
01.04.24 21:41,7.106,GB
01.04.24 21:41,6.789,GB
01.04.24 21:41,6.497,GB
01.04.24 21:41,6.409,GB
01.04.24 21:41,6.364,GB
01.04.24 21:41,6.222,GB
01.04.24 21:41,6.414,GB
01.04.24 21:41,6.749,GB
01.04.24 21:41,7.098,GB
01.04.24 21:41,7.404,GB
01.04.24 21:41,7.306,GB
01.04.24 21:41,7.11,GB
01.04.24 21:41,7.306,GB
01.04.24 21:41,7.712,GB
01.04.24 21:41,7.832,GB
01.04.24 21:41,8.235,GB
01.04.24 21:41,8.606,GB
01.04.24 21:41,8.262,GB
01.04.24 21:41,7.076,GB
01.04.24 21:41,6.252,GB
01.04.24 21:41,6.029,GB
01.04.24 21:41,5.666,GB
01.04.24 21:41,5.39,GB
01.04.24 21:41,5.084,GB
01.04.24 21:41,4.857,GB
01.04.24 21:41,4.657,GB
01.04.24 21:41,4.583,GB
01.04.24 21:41,4.553,GB
01.04.24 21:41,4.504,GB
01.04.24 21:41,4.457,GB
01.04.24 21:41,4.365,GB
01.04.24 21:41,4.275,GB
01.04.24 21:41,4.354,GB
01.04.24 21:42,4.82,GB
01.04.24 21:42,5.236,GB
01.04.24 21:42,5.617,GB
01.04.24 21:42,6.243,GB
01.04.24 21:42,6.882,GB
01.04.24 21:42,7.485,GB
01.04.24 21:42,8.067,GB
01.04.24 21:42,8.73,GB
01.04.24 21:42,9.384,GB
01.04.24 21:42,9.99,GB
01.04.24 21:42,9.811,GB
01.04.24 21:42,9.297,GB
01.04.24 21:42,8.305,GB
01.04.24 21:42,7.629,GB
01.04.24 21:42,7.505,GB
01.04.24 21:42,7.57,GB
01.04.24 21:42,7.298,GB
01.04.24 21:42,7.044,GB
01.04.24 21:42,7.669,GB
01.04.24 21:42,8.129,GB
01.04.24 21:42,7.736,GB
01.04.24 21:42,7.968,GB
01.04.24 21:42,8.77,GB
01.04.24 21:42,9.455,GB
01.04.24 21:42,9.098,GB
01.04.24 21:42,8.711,GB
01.04.24 21:42,8.24,GB
01.04.24 21:42,7.895,GB
01.04.24 21:42,6.901,GB
01.04.24 21:42,6.342,GB
01.04.24 21:42,6.154,GB
01.04.24 21:42,5.903,GB
01.04.24 21:42,5.735,GB
01.04.24 21:42,5.614,GB
01.04.24 21:42,5.648,GB
01.04.24 21:42,5.077,GB
01.04.24 21:42,4.951,GB
01.04.24 21:42,4.996,GB
01.04.24 21:42,4.892,GB
01.04.24 21:42,4.757,GB
01.04.24 21:42,4.479,GB
01.04.24 21:42,4.229,GB
01.04.24 21:42,4.247,GB
01.04.24 21:42,4.268,GB
01.04.24 21:42,4.328,GB
01.04.24 21:42,4.354,GB
01.04.24 21:42,4.375,GB
01.04.24 21:42,4.225,GB
01.04.24 21:42,4.763,GB
01.04.24 21:42,5.175,GB
01.04.24 21:42,5.14,GB
01.04.24 21:42,4.393,GB
01.04.24 21:42,4.294,GB
01.04.24 21:42,4.069,GB
01.04.24 21:42,4.147,GB
01.04.24 21:42,4.273,GB
01.04.24 21:42,4.462,GB
01.04.24 21:42,4.506,GB
01.04.24 21:42,4.521,GB
01.04.24 21:43,4.608,GB
01.04.24 21:43,4.695,GB
01.04.24 21:43,4.716,GB
01.04.24 21:43,4.78,GB
01.04.24 21:43,5.332,GB
01.04.24 21:43,4.899,GB
01.04.24 21:43,4.956,GB
01.04.24 21:43,5.343,GB
01.04.24 21:43,5.587,GB
01.04.24 21:43,5.742,GB
01.04.24 21:43,5.814,GB
01.04.24 21:43,6.362,GB
01.04.24 21:43,6.899,GB
01.04.24 21:43,7.467,GB
01.04.24 21:43,7.752,GB
01.04.24 21:43,7.695,GB
01.04.24 21:43,7.224,GB
01.04.24 21:43,6.763,GB
01.04.24 21:43,6.177,GB
01.04.24 21:43,6.484,GB
01.04.24 21:43,7.037,GB
01.04.24 21:43,6.671,GB
01.04.24 21:43,6.396,GB
01.04.24 21:43,6.392,GB
01.04.24 21:43,6.303,GB
01.04.24 21:43,6.288,GB
01.04.24 21:43,6.277,GB
01.04.24 21:43,6.307,GB
01.04.24 21:43,6.444,GB
01.04.24 21:43,7.02,GB
01.04.24 21:43,7.479,GB
01.04.24 21:43,7.101,GB
01.04.24 21:43,7.515,GB
01.04.24 21:43,7.551,GB
01.04.24 21:43,6.804,GB
01.04.24 21:43,6.379,GB
01.04.24 21:43,7,GB
01.04.24 21:43,7.14,GB
01.04.24 21:43,6.692,GB
01.04.24 21:43,6.164,GB
01.04.24 21:43,6.359,GB
01.04.24 21:43,6.308,GB
01.04.24 21:43,6.319,GB
01.04.24 21:43,6.286,GB
01.04.24 21:43,6.697,GB
01.04.24 21:43,7.511,GB
01.04.24 21:43,8.321,GB
01.04.24 21:43,8.992,GB
01.04.24 21:43,9.171,GB
01.04.24 21:43,8.797,GB
01.04.24 21:43,8.418,GB
01.04.24 21:43,7.935,GB
01.04.24 21:43,7.618,GB
01.04.24 21:43,7.31,GB
01.04.24 21:43,6.98,GB
01.04.24 21:43,6.609,GB
01.04.24 21:43,6.571,GB
01.04.24 21:43,6.796,GB
01.04.24 21:43,7.58,GB
01.04.24 21:44,8.158,GB
01.04.24 21:44,8.768,GB
01.04.24 21:44,8.756,GB
01.04.24 21:44,8.354,GB
01.04.24 21:44,7.972,GB
01.04.24 21:44,7.652,GB
01.04.24 21:44,7.22,GB
01.04.24 21:44,6.877,GB
01.04.24 21:44,6.626,GB
01.04.24 21:44,6.685,GB
01.04.24 21:44,6.637,GB
01.04.24 21:44,6.671,GB
01.04.24 21:44,7.049,GB
01.04.24 21:44,7.636,GB
01.04.24 21:44,8.147,GB
01.04.24 21:44,7.889,GB
01.04.24 21:44,7.335,GB
01.04.24 21:44,7.981,GB
01.04.24 21:44,8.739,GB
01.04.24 21:44,9.354,GB
01.04.24 21:44,9.826,GB
01.04.24 21:44,9.321,GB
01.04.24 21:44,8.57,GB
01.04.24 21:44,7.876,GB
01.04.24 21:44,7.493,GB
01.04.24 21:44,6.975,GB
01.04.24 21:44,6.864,GB
01.04.24 21:44,6.92,GB
01.04.24 21:44,6.893,GB
01.04.24 21:44,6.933,GB
01.04.24 21:44,7.149,GB
01.04.24 21:44,7.876,GB
01.04.24 21:44,8.007,GB
01.04.24 21:44,7.568,GB
01.04.24 21:44,7.015,GB
01.04.24 21:44,6.948,GB
01.04.24 21:44,7.673,GB
01.04.24 21:44,8.545,GB
01.04.24 21:44,8.055,GB
01.04.24 21:44,7.721,GB
01.04.24 21:44,8.181,GB
01.04.24 21:44,8.715,GB
01.04.24 21:44,9.345,GB
01.04.24 21:44,9.925,GB
01.04.24 21:44,10.434,GB
01.04.24 21:44,10.075,GB
01.04.24 21:44,9.655,GB
01.04.24 21:44,9.713,GB
01.04.24 21:44,10.444,GB
01.04.24 21:44,11.126,GB
01.04.24 21:44,11.52,GB
01.04.24 21:44,11.836,GB
01.04.24 21:44,12.201,GB
01.04.24 21:44,12.349,GB
01.04.24 21:44,12.101,GB
01.04.24 21:44,11.759,GB
01.04.24 21:44,11.695,GB
01.04.24 21:44,11.515,GB
01.04.24 21:44,11.387,GB
01.04.24 21:45,11.238,GB
01.04.24 21:45,11.156,GB
01.04.24 21:45,11.075,GB
01.04.24 21:45,10.892,GB
01.04.24 21:45,10.739,GB
01.04.24 21:45,10.654,GB
01.04.24 21:45,10.326,GB
01.04.24 21:45,9.757,GB
01.04.24 21:45,8.995,GB
01.04.24 21:45,8.753,GB
01.04.24 21:45,9.206,GB
01.04.24 21:45,9.559,GB
01.04.24 21:45,9.516,GB
01.04.24 21:45,9.244,GB
01.04.24 21:45,8.959,GB
01.04.24 21:45,8.516,GB
01.04.24 21:45,7.843,GB
01.04.24 21:45,7.848,GB
01.04.24 21:45,7.984,GB
01.04.24 21:45,8.349,GB
01.04.24 21:45,7.595,GB
01.04.24 21:45,6.988,GB
01.04.24 21:45,6.511,GB
01.04.24 21:45,7.566,GB
01.04.24 21:45,8.422,GB
01.04.24 21:45,9.445,GB
01.04.24 21:45,10.359,GB
01.04.24 21:45,11.106,GB
01.04.24 21:45,11.826,GB
01.04.24 21:45,12.315,GB
01.04.24 21:45,11.932,GB
01.04.24 21:45,11.503,GB
01.04.24 21:45,10.832,GB
01.04.24 21:45,10.321,GB
01.04.24 21:45,10.267,GB
01.04.24 21:45,10.905,GB
01.04.24 21:45,11.534,GB
01.04.24 21:45,12.121,GB
01.04.24 21:45,12.671,GB
01.04.24 21:45,13.153,GB
01.04.24 21:45,13.701,GB
01.04.24 21:45,14.202,GB
01.04.24 21:45,14.392,GB
01.04.24 21:45,13.984,GB
01.04.24 21:45,13.838,GB
01.04.24 21:45,13.666,GB
01.04.24 21:45,13.578,GB
01.04.24 21:45,13.285,GB
01.04.24 21:45,13.116,GB
01.04.24 21:45,13.098,GB
01.04.24 21:45,13.423,GB
01.04.24 21:45,13.804,GB
01.04.24 21:45,14.106,GB
01.04.24 21:45,14.038,GB
01.04.24 21:45,13.884,GB
01.04.24 21:45,13.686,GB
01.04.24 21:45,13.92,GB
01.04.24 21:45,14.223,GB
01.04.24 21:45,14.469,GB
01.04.24 21:46,14.053,GB
01.04.24 21:46,13.643,GB
01.04.24 21:46,13.227,GB
01.04.24 21:46,13.552,GB
01.04.24 21:46,13.394,GB
01.04.24 21:46,13.086,GB
01.04.24 21:46,12.875,GB
01.04.24 21:46,12.521,GB
01.04.24 21:46,12.275,GB
01.04.24 21:46,12.85,GB
01.04.24 21:46,13.456,GB
01.04.24 21:46,13.978,GB
01.04.24 21:46,14.692,GB
01.04.24 21:46,14.191,GB
01.04.24 21:46,13.832,GB
01.04.24 21:46,13.24,GB
01.04.24 21:46,12.145,GB
01.04.24 21:46,11.285,GB
01.04.24 21:46,11.295,GB
01.04.24 21:46,11.458,GB
01.04.24 21:46,10.89,GB
01.04.24 21:46,9.736,GB
01.04.24 21:46,9.855,GB
01.04.24 21:46,10.477,GB
01.04.24 21:46,10.28,GB
01.04.24 21:46,10.035,GB
01.04.24 21:46,9.809,GB
01.04.24 21:46,9.554,GB
01.04.24 21:46,9.456,GB
01.04.24 21:46,9.905,GB
01.04.24 21:46,10.303,GB
01.04.24 21:46,10.705,GB
01.04.24 21:46,11.136,GB
01.04.24 21:46,11.494,GB
01.04.24 21:46,11.265,GB
01.04.24 21:46,11.159,GB
01.04.24 21:46,10.878,GB
01.04.24 21:46,10.752,GB
01.04.24 21:46,10.309,GB
01.04.24 21:46,9.969,GB
01.04.24 21:46,10.221,GB
01.04.24 21:46,10.469,GB
01.04.24 21:46,10.155,GB
01.04.24 21:46,9.574,GB
01.04.24 21:46,9.355,GB
01.04.24 21:46,8.854,GB
01.04.24 21:46,8.512,GB
01.04.24 21:46,8.42,GB
01.04.24 21:46,8.203,GB
01.04.24 21:46,7.921,GB
01.04.24 21:46,7.839,GB
01.04.24 21:46,7.792,GB
01.04.24 21:46,7.579,GB
01.04.24 21:46,7.408,GB
01.04.24 21:46,7.182,GB
01.04.24 21:46,6.983,GB
01.04.24 21:46,6.902,GB
01.04.24 21:46,6.735,GB
01.04.24 21:47,6.472,GB
01.04.24 21:47,6.332,GB
01.04.24 21:47,6.267,GB
01.04.24 21:47,6.392,GB
01.04.24 21:47,6.522,GB
01.04.24 21:47,6.705,GB
01.04.24 21:47,6.933,GB
01.04.24 21:47,7.353,GB
01.04.24 21:47,7.644,GB
01.04.24 21:47,7.825,GB
01.04.24 21:47,8.114,GB
01.04.24 21:47,8.626,GB
01.04.24 21:47,9.012,GB
01.04.24 21:47,9.44,GB
01.04.24 21:47,9.372,GB
01.04.24 21:47,9.79,GB
01.04.24 21:47,10.464,GB
01.04.24 21:47,10.567,GB
01.04.24 21:47,10.991,GB
01.04.24 21:47,11.687,GB
01.04.24 21:47,12.304,GB
01.04.24 21:47,12.99,GB
01.04.24 21:47,13.477,GB
01.04.24 21:47,13.85,GB
01.04.24 21:47,14.292,GB
01.04.24 21:47,14.141,GB
01.04.24 21:47,13.944,GB
01.04.24 21:47,13.847,GB
01.04.24 21:47,13.863,GB
01.04.24 21:47,14.521,GB
01.04.24 21:47,15.217,GB
01.04.24 21:47,15.926,GB
01.04.24 21:47,16.512,GB
01.04.24 21:47,15.872,GB
01.04.24 21:47,15.235,GB
01.04.24 21:47,14.563,GB
01.04.24 21:47,14.049,GB
01.04.24 21:47,13.528,GB
01.04.24 21:47,13.018,GB
01.04.24 21:47,12.522,GB
01.04.24 21:47,12.075,GB
01.04.24 21:47,11.872,GB
01.04.24 21:47,11.591,GB
01.04.24 21:47,11.48,GB
01.04.24 21:47,11.371,GB
01.04.24 21:47,11.152,GB
01.04.24 21:47,11.07,GB
01.04.24 21:47,10.812,GB
01.04.24 21:47,10.699,GB
01.04.24 21:47,10.628,GB
01.04.24 21:47,10.317,GB
01.04.24 21:47,10.403,GB
01.04.24 21:47,10.738,GB
01.04.24 21:47,10.988,GB
01.04.24 21:47,11.079,GB
01.04.24 21:47,10.828,GB
01.04.24 21:47,10.766,GB
01.04.24 21:47,10.579,GB
01.04.24 21:47,10.411,GB
01.04.24 21:48,10.34,GB
01.04.24 21:48,10.078,GB
01.04.24 21:48,9.947,GB
01.04.24 21:48,9.828,GB
01.04.24 21:48,9.943,GB
01.04.24 21:48,10.146,GB
01.04.24 21:48,10.346,GB
01.04.24 21:48,10.418,GB
01.04.24 21:48,10.335,GB
01.04.24 21:48,10.324,GB
01.04.24 21:48,10.502,GB
01.04.24 21:48,10.921,GB
01.04.24 21:48,11.341,GB
01.04.24 21:48,11.637,GB
01.04.24 21:48,12.255,GB
01.04.24 21:48,12.827,GB
01.04.24 21:48,13.469,GB
01.04.24 21:48,13.84,GB
01.04.24 21:48,13.779,GB
01.04.24 21:48,13.694,GB
01.04.24 21:48,14.277,GB
01.04.24 21:48,14.61,GB
01.04.24 21:48,13.961,GB
01.04.24 21:48,13.297,GB
01.04.24 21:48,12.581,GB
01.04.24 21:48,13.438,GB
01.04.24 21:48,14.059,GB
01.04.24 21:48,14.728,GB
01.04.24 21:48,14.374,GB
01.04.24 21:48,14.903,GB
01.04.24 21:48,15.583,GB
01.04.24 21:48,15.88,GB
01.04.24 21:48,16.492,GB
01.04.24 21:48,16.195,GB
01.04.24 21:48,15.838,GB
01.04.24 21:48,15.514,GB
01.04.24 21:48,15.073,GB
01.04.24 21:48,14.612,GB
01.04.24 21:48,14.051,GB
01.04.24 21:48,13.531,GB
01.04.24 21:48,13.358,GB
01.04.24 21:48,13.384,GB
01.04.24 21:48,12.744,GB
01.04.24 21:48,12.486,GB
01.04.24 21:48,12.114,GB
01.04.24 21:48,11.828,GB
01.04.24 21:48,11.62,GB
01.04.24 21:48,11.337,GB
01.04.24 21:48,11.317,GB
01.04.24 21:48,10.839,GB
01.04.24 21:48,10.586,GB
01.04.24 21:48,9.925,GB
01.04.24 21:48,9.418,GB
01.04.24 21:48,8.943,GB
01.04.24 21:48,8.544,GB
01.04.24 21:48,8.139,GB
01.04.24 21:48,7.727,GB
01.04.24 21:48,7.295,GB
01.04.24 21:48,6.906,GB
01.04.24 21:49,6.609,GB
01.04.24 21:49,6.39,GB
01.04.24 21:49,6.535,GB
01.04.24 21:49,6.675,GB
01.04.24 21:49,6.679,GB
01.04.24 21:49,6.655,GB
01.04.24 21:49,6.555,GB
01.04.24 21:49,6.57,GB
01.04.24 21:49,6.71,GB
01.04.24 21:49,7.341,GB
01.04.24 21:49,7.762,GB
01.04.24 21:49,7.573,GB
01.04.24 21:49,7.348,GB
01.04.24 21:49,7.514,GB
01.04.24 21:49,7.74,GB
01.04.24 21:49,7.426,GB
01.04.24 21:49,7.345,GB
01.04.24 21:49,7.713,GB
01.04.24 21:49,7.991,GB
01.04.24 21:49,8.199,GB
01.04.24 21:49,7.966,GB
01.04.24 21:49,7.594,GB
01.04.24 21:49,7.286,GB
01.04.24 21:49,6.938,GB
01.04.24 21:49,6.627,GB
01.04.24 21:49,6.363,GB
01.04.24 21:49,6.285,GB
01.04.24 21:49,6.4,GB
01.04.24 21:49,6.482,GB
01.04.24 21:49,6.922,GB
01.04.24 21:49,7.396,GB
01.04.24 21:49,7.862,GB
01.04.24 21:49,8.649,GB
01.04.24 21:49,9.122,GB
01.04.24 21:49,9.604,GB
01.04.24 21:49,9.331,GB
01.04.24 21:49,8.763,GB
01.04.24 21:49,8.771,GB
01.04.24 21:49,9.444,GB
01.04.24 21:49,10.156,GB
01.04.24 21:49,10.82,GB
01.04.24 21:49,11.341,GB
01.04.24 21:49,12.014,GB
01.04.24 21:49,12.77,GB
01.04.24 21:49,13.501,GB
01.04.24 21:49,14.179,GB
01.04.24 21:49,14.838,GB
01.04.24 21:49,15.563,GB
01.04.24 21:49,16.245,GB
01.04.24 21:49,16.911,GB
01.04.24 21:49,17.44,GB
01.04.24 21:49,17.121,GB
01.04.24 21:49,16.524,GB
01.04.24 21:49,16.018,GB
01.04.24 21:49,15.625,GB
01.04.24 21:49,16.213,GB
01.04.24 21:49,16.789,GB
01.04.24 21:49,17.121,GB
01.04.24 21:49,16.22,GB
01.04.24 21:50,15.561,GB
01.04.24 21:50,15.076,GB
01.04.24 21:50,14.692,GB
01.04.24 21:50,14.369,GB
01.04.24 21:50,14.036,GB
01.04.24 21:50,13.717,GB
01.04.24 21:50,13.533,GB
01.04.24 21:50,13.25,GB
01.04.24 21:50,13.116,GB
01.04.24 21:50,12.854,GB
01.04.24 21:50,12.538,GB
01.04.24 21:50,12.302,GB
01.04.24 21:50,12.05,GB
01.04.24 21:50,11.943,GB
01.04.24 21:50,12.284,GB
01.04.24 21:50,12.539,GB
01.04.24 21:50,12.265,GB
01.04.24 21:50,12.207,GB
01.04.24 21:50,12.811,GB
01.04.24 21:50,13.179,GB
01.04.24 21:50,13.021,GB
01.04.24 21:50,12.765,GB
01.04.24 21:50,12.525,GB
01.04.24 21:50,11.959,GB
01.04.24 21:50,10.597,GB
01.04.24 21:50,9.832,GB
01.04.24 21:50,10.276,GB
01.04.24 21:50,10.154,GB
01.04.24 21:50,9.94,GB
01.04.24 21:50,9.604,GB
01.04.24 21:50,9.257,GB
01.04.24 21:50,8.748,GB
01.04.24 21:50,8.321,GB
01.04.24 21:50,8.066,GB
01.04.24 21:50,7.8,GB
01.04.24 21:50,7.422,GB
01.04.24 21:50,6.793,GB
01.04.24 21:50,7.04,GB
01.04.24 21:50,7.42,GB
01.04.24 21:50,7.868,GB
01.04.24 21:50,7.842,GB
01.04.24 21:50,7.403,GB
01.04.24 21:50,7.671,GB
01.04.24 21:50,8.517,GB
01.04.24 21:50,8.906,GB
01.04.24 21:50,9.277,GB
01.04.24 21:50,9.663,GB
01.04.24 21:50,9.78,GB
01.04.24 21:50,9.696,GB
01.04.24 21:50,10.097,GB
01.04.24 21:50,10.534,GB
01.04.24 21:50,10.648,GB
01.04.24 21:50,10.403,GB
01.04.24 21:50,9.961,GB
01.04.24 21:50,9.622,GB
01.04.24 21:50,9.235,GB
01.04.24 21:50,8.773,GB
01.04.24 21:50,8.575,GB
01.04.24 21:50,8.11,GB
01.04.24 21:51,7.888,GB
01.04.24 21:51,7.466,GB
01.04.24 21:51,7.164,GB
01.04.24 21:51,7.013,GB
01.04.24 21:51,6.755,GB
01.04.24 21:51,6.497,GB
01.04.24 21:51,6.194,GB
01.04.24 21:51,5.8,GB
01.04.24 21:51,6.096,GB
01.04.24 21:51,6.617,GB
01.04.24 21:51,7.087,GB
01.04.24 21:51,7.746,GB
01.04.24 21:51,8.454,GB
01.04.24 21:51,9.113,GB
01.04.24 21:51,9.74,GB
01.04.24 21:51,10.323,GB
01.04.24 21:51,10.916,GB
01.04.24 21:51,10.821,GB
01.04.24 21:51,10.54,GB
01.04.24 21:51,10.144,GB
01.04.24 21:51,9.715,GB
01.04.24 21:51,9.104,GB
01.04.24 21:51,8.645,GB
01.04.24 21:51,8.367,GB
01.04.24 21:51,8.064,GB
01.04.24 21:51,7.595,GB
01.04.24 21:51,6.818,GB
01.04.24 21:51,6.505,GB
01.04.24 21:51,6.254,GB
01.04.24 21:51,6.405,GB
01.04.24 21:51,5.975,GB
01.04.24 21:51,5.578,GB
01.04.24 21:51,5.168,GB
01.04.24 21:51,5.081,GB
01.04.24 21:51,5.46,GB
01.04.24 21:51,5.412,GB
01.04.24 21:51,5.114,GB
01.04.24 21:51,4.889,GB
01.04.24 21:51,4.831,GB
01.04.24 21:51,4.875,GB
01.04.24 21:51,4.853,GB
01.04.24 21:51,4.842,GB
01.04.24 21:51,5.036,GB
01.04.24 21:51,5.503,GB
01.04.24 21:51,5.956,GB
01.04.24 21:51,5.696,GB
01.04.24 21:51,5.238,GB
01.04.24 21:51,5.182,GB
01.04.24 21:51,5.051,GB
01.04.24 21:51,4.633,GB
01.04.24 21:51,4.435,GB
01.04.24 21:51,4.365,GB
01.04.24 21:51,4.343,GB
01.04.24 21:51,4.316,GB
01.04.24 21:51,4.382,GB
01.04.24 21:51,4.359,GB
01.04.24 21:51,4.423,GB
01.04.24 21:51,5.105,GB
01.04.24 21:51,5.632,GB
01.04.24 21:52,6.261,GB
01.04.24 21:52,6.708,GB
01.04.24 21:52,6.993,GB
01.04.24 21:52,7.398,GB
01.04.24 21:52,8.035,GB
01.04.24 21:52,8.588,GB
01.04.24 21:52,9.466,GB
01.04.24 21:52,9.962,GB
01.04.24 21:52,10.438,GB
01.04.24 21:52,10.932,GB
01.04.24 21:52,11.271,GB
01.04.24 21:52,10.86,GB
01.04.24 21:52,10.326,GB
01.04.24 21:52,9.98,GB
01.04.24 21:52,9.488,GB
01.04.24 21:52,9.033,GB
01.04.24 21:52,8.758,GB
01.04.24 21:52,8.313,GB
01.04.24 21:52,7.746,GB
01.04.24 21:52,7.391,GB
01.04.24 21:52,7.149,GB
01.04.24 21:52,6.872,GB
01.04.24 21:52,6.578,GB
01.04.24 21:52,6.133,GB
01.04.24 21:52,6.053,GB
01.04.24 21:52,5.843,GB
01.04.24 21:52,5.341,GB
01.04.24 21:52,5.174,GB
01.04.24 21:52,5.03,GB
01.04.24 21:52,4.882,GB
01.04.24 21:52,5.071,GB
01.04.24 21:52,5.461,GB
01.04.24 21:52,6.176,GB
01.04.24 21:52,6.62,GB
01.04.24 21:52,7.284,GB
01.04.24 21:52,7.789,GB
01.04.24 21:52,8.406,GB
01.04.24 21:52,8.614,GB
01.04.24 21:52,8.246,GB
01.04.24 21:52,7.808,GB
01.04.24 21:52,7.068,GB
01.04.24 21:52,6.859,GB
01.04.24 21:52,6.695,GB
01.04.24 21:52,6.545,GB
01.04.24 21:52,6.38,GB
01.04.24 21:52,6.112,GB
01.04.24 21:52,5.794,GB
01.04.24 21:52,5.588,GB
01.04.24 21:52,5.429,GB
01.04.24 21:52,5.134,GB
01.04.24 21:52,4.819,GB
01.04.24 21:52,4.731,GB
01.04.24 21:52,4.952,GB
01.04.24 21:52,4.976,GB
01.04.24 21:52,4.953,GB
01.04.24 21:52,5.166,GB
01.04.24 21:52,5.97,GB
01.04.24 21:52,6.08,GB
01.04.24 21:53,6.922,GB
01.04.24 21:53,7.679,GB
01.04.24 21:53,8.248,GB
01.04.24 21:53,7.916,GB
01.04.24 21:53,7.357,GB
01.04.24 21:53,6.86,GB
01.04.24 21:53,6.554,GB
01.04.24 21:53,6.369,GB
01.04.24 21:53,6.36,GB
01.04.24 21:53,6.39,GB
01.04.24 21:53,6.498,GB
01.04.24 21:53,7.295,GB
01.04.24 21:53,7.885,GB
01.04.24 21:53,7.601,GB
01.04.24 21:53,7.205,GB
01.04.24 21:53,6.951,GB
01.04.24 21:53,6.508,GB
01.04.24 21:53,6.976,GB
01.04.24 21:53,7.477,GB
01.04.24 21:53,7.128,GB
01.04.24 21:53,6.711,GB
01.04.24 21:53,6.538,GB
01.04.24 21:53,6.92,GB
01.04.24 21:53,7.536,GB
01.04.24 21:53,7.709,GB
01.04.24 21:53,7.299,GB
01.04.24 21:53,6.855,GB
01.04.24 21:53,6.47,GB
01.04.24 21:53,6.472,GB
01.04.24 21:53,6.494,GB
01.04.24 21:53,6.578,GB
01.04.24 21:53,6.554,GB
01.04.24 21:53,6.581,GB
01.04.24 21:53,6.623,GB
01.04.24 21:53,6.576,GB
01.04.24 21:53,6.463,GB
01.04.24 21:53,6.454,GB
01.04.24 21:53,6.493,GB
01.04.24 21:53,6.879,GB
01.04.24 21:53,7.371,GB
01.04.24 21:53,8.051,GB
01.04.24 21:53,8.699,GB
01.04.24 21:53,9.103,GB
01.04.24 21:53,8.707,GB
01.04.24 21:53,8.279,GB
01.04.24 21:53,8.801,GB
01.04.24 21:53,9.249,GB
01.04.24 21:53,9.549,GB
01.04.24 21:53,9.513,GB
01.04.24 21:53,9.883,GB
01.04.24 21:53,10.381,GB
01.04.24 21:53,10.933,GB
01.04.24 21:53,10.766,GB
01.04.24 21:53,10.144,GB
01.04.24 21:53,9.628,GB
01.04.24 21:53,8.978,GB
01.04.24 21:53,8.396,GB
01.04.24 21:53,7.958,GB
01.04.24 21:53,7.3,GB
01.04.24 21:54,6.897,GB
01.04.24 21:54,6.506,GB
01.04.24 21:54,6.51,GB
01.04.24 21:54,6.506,GB
01.04.24 21:54,6.938,GB
01.04.24 21:54,7.614,GB
01.04.24 21:54,7.405,GB
01.04.24 21:54,6.946,GB
01.04.24 21:54,6.476,GB
01.04.24 21:54,6.752,GB
01.04.24 21:54,7.335,GB
01.04.24 21:54,7.479,GB
01.04.24 21:54,6.908,GB
01.04.24 21:54,6.445,GB
01.04.24 21:54,6.643,GB
01.04.24 21:54,6.923,GB
01.04.24 21:54,7.568,GB
01.04.24 21:54,8.462,GB
01.04.24 21:54,8.864,GB
01.04.24 21:54,9.691,GB
01.04.24 21:54,10.291,GB
01.04.24 21:54,10.969,GB
01.04.24 21:54,11.503,GB
01.04.24 21:54,11.189,GB
01.04.24 21:54,10.839,GB
01.04.24 21:54,10.592,GB
01.04.24 21:54,10.301,GB
01.04.24 21:54,9.967,GB
01.04.24 21:54,9.959,GB
01.04.24 21:54,10.422,GB
01.04.24 21:54,10.433,GB
01.04.24 21:54,9.985,GB
01.04.24 21:54,9.399,GB
01.04.24 21:54,8.991,GB
01.04.24 21:54,8.512,GB
01.04.24 21:54,8.144,GB
01.04.24 21:54,7.918,GB
01.04.24 21:54,7.539,GB
01.04.24 21:54,7.265,GB
01.04.24 21:54,6.84,GB
01.04.24 21:54,6.159,GB
01.04.24 21:54,6.086,GB
01.04.24 21:54,6.193,GB
01.04.24 21:54,6.719,GB
01.04.24 21:54,7.115,GB
01.04.24 21:54,6.631,GB
01.04.24 21:54,6.029,GB
01.04.24 21:54,5.942,GB
01.04.24 21:54,6.715,GB
01.04.24 21:54,7.651,GB
01.04.24 21:54,8.558,GB
01.04.24 21:54,9.297,GB
01.04.24 21:54,10.125,GB
01.04.24 21:54,10.833,GB
01.04.24 21:54,11.594,GB
01.04.24 21:54,12.357,GB
01.04.24 21:54,12.235,GB
01.04.24 21:54,11.65,GB
01.04.24 21:54,11.046,GB
01.04.24 21:55,10.44,GB
01.04.24 21:55,9.897,GB
01.04.24 21:55,9.752,GB
01.04.24 21:55,10.126,GB
01.04.24 21:55,9.697,GB
01.04.24 21:55,9.28,GB
01.04.24 21:55,8.984,GB
01.04.24 21:55,9.722,GB
01.04.24 21:55,10.082,GB
01.04.24 21:55,9.725,GB
01.04.24 21:55,9.224,GB
01.04.24 21:55,8.592,GB
01.04.24 21:55,8.086,GB
01.04.24 21:55,7.639,GB
01.04.24 21:55,7.146,GB
01.04.24 21:55,6.572,GB
01.04.24 21:55,6.494,GB
01.04.24 21:55,6.529,GB
01.04.24 21:55,6.554,GB
01.04.24 21:55,6.538,GB
01.04.24 21:55,6.594,GB
01.04.24 21:55,6.422,GB
01.04.24 21:55,6.456,GB
01.04.24 21:55,6.421,GB
01.04.24 21:55,6.452,GB
01.04.24 21:55,6.468,GB
01.04.24 21:55,7.092,GB
01.04.24 21:55,6.808,GB
01.04.24 21:55,6.334,GB
01.04.24 21:55,6.305,GB
01.04.24 21:55,6.306,GB
01.04.24 21:55,6.318,GB
01.04.24 21:55,6.296,GB
01.04.24 21:55,6.311,GB
01.04.24 21:55,6.332,GB
01.04.24 21:55,6.379,GB
01.04.24 21:55,6.373,GB
01.04.24 21:55,6.399,GB
01.04.24 21:55,6.388,GB
01.04.24 21:55,6.408,GB
01.04.24 21:55,6.422,GB
01.04.24 21:55,6.436,GB
01.04.24 21:55,6.476,GB
01.04.24 21:55,6.469,GB
01.04.24 21:55,6.556,GB
01.04.24 21:55,6.624,GB
01.04.24 21:55,6.632,GB
01.04.24 21:55,6.964,GB
01.04.24 21:55,7.289,GB
01.04.24 21:55,7.706,GB
01.04.24 21:55,8.077,GB
01.04.24 21:55,8.383,GB
01.04.24 21:55,8.163,GB
01.04.24 21:55,8.515,GB
01.04.24 21:55,9.103,GB
01.04.24 21:55,9.588,GB
01.04.24 21:55,10.102,GB
01.04.24 21:55,10.503,GB
01.04.24 21:55,11.148,GB
01.04.24 21:56,11.598,GB
01.04.24 21:56,12.094,GB
01.04.24 21:56,12.672,GB
01.04.24 21:56,12.506,GB
01.04.24 21:56,11.985,GB
01.04.24 21:56,11.241,GB
01.04.24 21:56,10.388,GB
01.04.24 21:56,9.53,GB
01.04.24 21:56,8.916,GB
01.04.24 21:56,8.46,GB
01.04.24 21:56,8.095,GB
01.04.24 21:56,7.555,GB
01.04.24 21:56,7.065,GB
01.04.24 21:56,7.003,GB
01.04.24 21:56,6.89,GB
01.04.24 21:56,6.793,GB
01.04.24 21:56,7.527,GB
01.04.24 21:56,8.65,GB
01.04.24 21:56,9.696,GB
01.04.24 21:56,10.697,GB
01.04.24 21:56,11.606,GB
01.04.24 21:56,11.531,GB
01.04.24 21:56,10.889,GB
01.04.24 21:56,10.105,GB
01.04.24 21:56,9.477,GB
01.04.24 21:56,8.678,GB
01.04.24 21:56,7.964,GB
01.04.24 21:56,7.223,GB
01.04.24 21:56,6.604,GB
01.04.24 21:56,7.125,GB
01.04.24 21:56,7.614,GB
01.04.24 21:56,6.9,GB
01.04.24 21:56,6.54,GB
01.04.24 21:56,6.553,GB
01.04.24 21:56,6.576,GB
01.04.24 21:56,7.412,GB
01.04.24 21:56,8.075,GB
01.04.24 21:56,8.787,GB
01.04.24 21:56,7.837,GB
01.04.24 21:56,7.009,GB
01.04.24 21:56,5.967,GB
01.04.24 21:56,5.699,GB
01.04.24 21:56,5.425,GB
01.04.24 21:56,5.247,GB
01.04.24 21:56,5.03,GB
01.04.24 21:56,4.947,GB
01.04.24 21:56,4.76,GB
01.04.24 21:56,4.557,GB
01.04.24 21:56,4.467,GB
01.04.24 21:56,4.375,GB
01.04.24 21:56,4.31,GB
01.04.24 21:56,4.263,GB
01.04.24 21:56,4.216,GB
01.04.24 21:56,4.335,GB
01.04.24 21:56,4.262,GB
01.04.24 21:56,4.264,GB
01.04.24 21:56,4.463,GB
01.04.24 21:56,4.522,GB
01.04.24 21:56,4.55,GB
01.04.24 21:57,4.49,GB
01.04.24 21:57,4.495,GB
01.04.24 21:57,4.492,GB
01.04.24 21:57,4.47,GB
01.04.24 21:57,4.457,GB
01.04.24 21:57,4.393,GB
01.04.24 21:57,4.423,GB
01.04.24 21:57,4.514,GB
01.04.24 21:57,4.611,GB
01.04.24 21:57,5.078,GB
01.04.24 21:57,5.381,GB
01.04.24 21:57,5.873,GB
01.04.24 21:57,6.426,GB
01.04.24 21:57,7.011,GB
01.04.24 21:57,7.36,GB
01.04.24 21:57,7.179,GB
01.04.24 21:57,6.385,GB
01.04.24 21:57,5.961,GB
01.04.24 21:57,5.643,GB
01.04.24 21:57,5.37,GB
01.04.24 21:57,5.006,GB
01.04.24 21:57,5.751,GB
01.04.24 21:57,6.484,GB
01.04.24 21:57,7.193,GB
01.04.24 21:57,7.06,GB
01.04.24 21:57,6.182,GB
01.04.24 21:57,5.613,GB
01.04.24 21:57,5.348,GB
01.04.24 21:57,5.42,GB
01.04.24 21:57,5.422,GB
01.04.24 21:57,5.495,GB
01.04.24 21:57,5.781,GB
01.04.24 21:57,7.04,GB
01.04.24 21:57,7.949,GB
01.04.24 21:57,8.721,GB
01.04.24 21:57,9.397,GB
01.04.24 21:57,10.283,GB
01.04.24 21:57,10.947,GB
01.04.24 21:57,11.52,GB
01.04.24 21:57,11.173,GB
01.04.24 21:57,10.75,GB
01.04.24 21:57,10.296,GB
01.04.24 21:57,10.301,GB
01.04.24 21:57,10.752,GB
01.04.24 21:57,11.282,GB
01.04.24 21:57,11.267,GB
01.04.24 21:57,10.768,GB
01.04.24 21:57,10.332,GB
01.04.24 21:57,9.95,GB
01.04.24 21:57,9.457,GB
01.04.24 21:57,9.032,GB
01.04.24 21:57,8.737,GB
01.04.24 21:57,8.508,GB
01.04.24 21:57,8.29,GB
01.04.24 21:57,8.745,GB
01.04.24 21:57,9.246,GB
01.04.24 21:57,9.71,GB
01.04.24 21:57,10.013,GB
01.04.24 21:57,9.949,GB
01.04.24 21:58,9.708,GB
01.04.24 21:58,9.293,GB
01.04.24 21:58,8.881,GB
01.04.24 21:58,8.526,GB
01.04.24 21:58,7.878,GB
01.04.24 21:58,7.221,GB
01.04.24 21:58,6.619,GB
01.04.24 21:58,6.309,GB
01.04.24 21:58,6.335,GB
01.04.24 21:58,6.346,GB
01.04.24 21:58,6.266,GB
01.04.24 21:58,6.118,GB
01.04.24 21:58,6.244,GB
01.04.24 21:58,7.158,GB
01.04.24 21:58,7.678,GB
01.04.24 21:58,8.351,GB
01.04.24 21:58,8.866,GB
01.04.24 21:58,9.406,GB
01.04.24 21:58,9.516,GB
01.04.24 21:58,9.038,GB
01.04.24 21:58,8.524,GB
01.04.24 21:58,8.069,GB
01.04.24 21:58,7.696,GB
01.04.24 21:58,7.368,GB
01.04.24 21:58,7.09,GB
01.04.24 21:58,6.616,GB
01.04.24 21:58,6.571,GB
01.04.24 21:58,6.617,GB
01.04.24 21:58,6.628,GB
01.04.24 21:58,6.631,GB
01.04.24 21:58,6.593,GB
01.04.24 21:58,6.592,GB
01.04.24 21:58,6.571,GB
01.04.24 21:58,6.615,GB
01.04.24 21:58,6.605,GB
01.04.24 21:58,6.569,GB
01.04.24 21:58,6.586,GB
01.04.24 21:58,6.408,GB
01.04.24 21:58,6.473,GB
01.04.24 21:58,6.468,GB
01.04.24 21:58,6.579,GB
01.04.24 21:58,7.041,GB
01.04.24 21:58,7.787,GB
01.04.24 21:58,7.56,GB
01.04.24 21:58,7.127,GB
01.04.24 21:58,7.837,GB
01.04.24 21:58,8.549,GB
01.04.24 21:58,8.455,GB
01.04.24 21:58,7.912,GB
01.04.24 21:58,8.23,GB
01.04.24 21:58,8.95,GB
01.04.24 21:58,8.497,GB
01.04.24 21:58,8.054,GB
01.04.24 21:58,8.081,GB
01.04.24 21:58,8.454,GB
01.04.24 21:58,8.85,GB
01.04.24 21:58,9.278,GB
01.04.24 21:58,8.885,GB
01.04.24 21:58,8.68,GB
01.04.24 21:59,8.403,GB
01.04.24 21:59,8.163,GB
01.04.24 21:59,7.963,GB
01.04.24 21:59,7.684,GB
01.04.24 21:59,7.441,GB
01.04.24 21:59,6.963,GB
01.04.24 21:59,6.612,GB
01.04.24 21:59,6.616,GB
01.04.24 21:59,6.6,GB
01.04.24 21:59,6.571,GB
01.04.24 21:59,6.599,GB
01.04.24 21:59,6.602,GB
01.04.24 21:59,6.547,GB
01.04.24 21:59,6.579,GB
01.04.24 21:59,6.526,GB
01.04.24 21:59,6.572,GB
01.04.24 21:59,6.537,GB
01.04.24 21:59,6.857,GB
01.04.24 21:59,7.221,GB
01.04.24 21:59,8.125,GB
01.04.24 21:59,8.674,GB
01.04.24 21:59,9.234,GB
01.04.24 21:59,9.814,GB
01.04.24 21:59,10.463,GB
01.04.24 21:59,11.059,GB
01.04.24 21:59,11.776,GB
01.04.24 21:59,12.489,GB
01.04.24 21:59,13.018,GB
01.04.24 21:59,13.538,GB
01.04.24 21:59,14.175,GB
01.04.24 21:59,14.752,GB
01.04.24 21:59,15.443,GB
01.04.24 21:59,16.129,GB
01.04.24 21:59,16.697,GB
01.04.24 21:59,17.214,GB
01.04.24 21:59,17.631,GB
01.04.24 21:59,17.368,GB
01.04.24 21:59,17.027,GB
01.04.24 21:59,16.47,GB
01.04.24 21:59,15.816,GB
01.04.24 21:59,15.21,GB
01.04.24 21:59,14.489,GB
01.04.24 21:59,13.785,GB
01.04.24 21:59,12.898,GB
01.04.24 21:59,12.205,GB
01.04.24 21:59,12.62,GB
01.04.24 21:59,13.439,GB
01.04.24 21:59,12.703,GB
01.04.24 21:59,12.017,GB
01.04.24 21:59,11.295,GB
01.04.24 21:59,10.718,GB
01.04.24 21:59,11.18,GB
01.04.24 21:59,11.893,GB
01.04.24 21:59,11.752,GB
01.04.24 21:59,11.19,GB
01.04.24 21:59,10.662,GB
01.04.24 21:59,10.165,GB
01.04.24 21:59,9.432,GB
01.04.24 21:59,8.862,GB
01.04.24 22:00,8.289,GB
01.04.24 22:00,7.795,GB
01.04.24 22:00,7.268,GB
01.04.24 22:00,6.422,GB
01.04.24 22:00,6.221,GB
01.04.24 22:00,6.222,GB
01.04.24 22:00,6.888,GB
01.04.24 22:00,7.87,GB
01.04.24 22:00,8.397,GB
01.04.24 22:00,9.048,GB
01.04.24 22:00,8.617,GB
01.04.24 22:00,8.233,GB
01.04.24 22:00,7.838,GB
01.04.24 22:00,7.49,GB
01.04.24 22:00,7.266,GB
01.04.24 22:00,6.941,GB
01.04.24 22:00,6.6,GB
01.04.24 22:00,6.627,GB
01.04.24 22:00,6.691,GB
01.04.24 22:00,6.591,GB
01.04.24 22:00,6.615,GB
01.04.24 22:00,6.625,GB
01.04.24 22:00,6.738,GB
01.04.24 22:00,7.076,GB
01.04.24 22:00,7.439,GB
01.04.24 22:00,7.809,GB
01.04.24 22:00,7.554,GB
01.04.24 22:00,7.233,GB
01.04.24 22:00,7.043,GB
01.04.24 22:00,6.659,GB
01.04.24 22:00,6.696,GB
01.04.24 22:00,6.736,GB
01.04.24 22:00,6.573,GB
01.04.24 22:00,6.551,GB
01.04.24 22:00,6.617,GB
01.04.24 22:00,6.617,GB
01.04.24 22:00,6.635,GB
01.04.24 22:00,6.558,GB
01.04.24 22:00,6.574,GB
01.04.24 22:00,6.516,GB
01.04.24 22:00,6.513,GB
01.04.24 22:00,6.458,GB
01.04.24 22:00,6.408,GB
01.04.24 22:00,6.481,GB
01.04.24 22:00,6.449,GB
01.04.24 22:00,6.479,GB
01.04.24 22:00,6.77,GB
01.04.24 22:00,7.697,GB
01.04.24 22:00,8.525,GB
01.04.24 22:00,9.349,GB
01.04.24 22:00,10.157,GB
01.04.24 22:00,10.078,GB
01.04.24 22:00,10.483,GB
01.04.24 22:00,9.975,GB
01.04.24 22:00,9.303,GB
01.04.24 22:00,8.722,GB
01.04.24 22:00,8.148,GB
01.04.24 22:00,7.288,GB
01.04.24 22:00,6.816,GB
01.04.24 22:01,7.135,GB
01.04.24 22:01,7.963,GB
01.04.24 22:01,8.623,GB
01.04.24 22:01,9.261,GB
01.04.24 22:01,9.149,GB
01.04.24 22:01,8.587,GB
01.04.24 22:01,7.965,GB
01.04.24 22:01,8.322,GB
01.04.24 22:01,9.096,GB
01.04.24 22:01,8.748,GB
01.04.24 22:01,8.258,GB
01.04.24 22:01,7.986,GB
01.04.24 22:01,7.694,GB
01.04.24 22:01,7.734,GB
01.04.24 22:01,8.119,GB
01.04.24 22:01,8.541,GB
01.04.24 22:01,8.892,GB
01.04.24 22:01,8.593,GB
01.04.24 22:01,8.702,GB
01.04.24 22:01,9.359,GB
01.04.24 22:01,9.885,GB
01.04.24 22:01,9.978,GB
01.04.24 22:01,9.797,GB
01.04.24 22:01,9.563,GB
01.04.24 22:01,9.379,GB
01.04.24 22:01,9.234,GB
01.04.24 22:01,9.078,GB
01.04.24 22:01,8.764,GB
01.04.24 22:01,8.588,GB
01.04.24 22:01,8.536,GB
01.04.24 22:01,8.96,GB
01.04.24 22:01,9.409,GB
01.04.24 22:01,9.747,GB
01.04.24 22:01,10.055,GB
01.04.24 22:01,10.45,GB
01.04.24 22:01,10.908,GB
01.04.24 22:01,10.933,GB
01.04.24 22:01,10.601,GB
01.04.24 22:01,10.274,GB
01.04.24 22:01,9.435,GB
01.04.24 22:01,8.82,GB
01.04.24 22:01,9.122,GB
01.04.24 22:01,9.664,GB
01.04.24 22:01,9.844,GB
01.04.24 22:01,9.404,GB
01.04.24 22:01,9.015,GB
01.04.24 22:01,8.488,GB
01.04.24 22:01,7.892,GB
01.04.24 22:01,7.499,GB
01.04.24 22:01,8.01,GB
01.04.24 22:01,9.081,GB
01.04.24 22:01,9.622,GB
01.04.24 22:01,10.116,GB
01.04.24 22:01,10.677,GB
01.04.24 22:01,11.126,GB
01.04.24 22:01,11.729,GB
01.04.24 22:01,12.323,GB
01.04.24 22:01,12.921,GB
01.04.24 22:01,13.51,GB
01.04.24 22:02,14.149,GB
01.04.24 22:02,14.609,GB
01.04.24 22:02,14.314,GB
01.04.24 22:02,13.974,GB
01.04.24 22:02,13.363,GB
01.04.24 22:02,12.864,GB
01.04.24 22:02,12.254,GB
01.04.24 22:02,11.785,GB
01.04.24 22:02,11.408,GB
01.04.24 22:02,10.942,GB
01.04.24 22:02,10.548,GB
01.04.24 22:02,10.606,GB
01.04.24 22:02,11.083,GB
01.04.24 22:02,11.638,GB
01.04.24 22:02,11.793,GB
01.04.24 22:02,12.109,GB
01.04.24 22:02,12.813,GB
01.04.24 22:02,13.465,GB
01.04.24 22:02,13.193,GB
01.04.24 22:02,12.725,GB
01.04.24 22:02,12.154,GB
01.04.24 22:02,11.69,GB
01.04.24 22:02,11.278,GB
01.04.24 22:02,10.843,GB
01.04.24 22:02,10.621,GB
01.04.24 22:02,10.229,GB
01.04.24 22:02,9.932,GB
01.04.24 22:02,9.561,GB
01.04.24 22:02,9.127,GB
01.04.24 22:02,8.835,GB
01.04.24 22:02,9.309,GB
01.04.24 22:02,10.003,GB
01.04.24 22:02,10.462,GB
01.04.24 22:02,10.39,GB
01.04.24 22:02,9.995,GB
01.04.24 22:02,10.429,GB
01.04.24 22:02,10.057,GB
01.04.24 22:02,10.121,GB
01.04.24 22:02,10.745,GB
01.04.24 22:02,11.093,GB
01.04.24 22:02,10.798,GB
01.04.24 22:02,10.357,GB
01.04.24 22:02,9.703,GB
01.04.24 22:02,9.579,GB
01.04.24 22:02,10.123,GB
01.04.24 22:02,10.965,GB
01.04.24 22:02,11.631,GB
01.04.24 22:02,11.556,GB
01.04.24 22:02,11.229,GB
01.04.24 22:02,10.817,GB
01.04.24 22:02,10.391,GB
01.04.24 22:02,10.004,GB
01.04.24 22:02,9.589,GB
01.04.24 22:02,9.244,GB
01.04.24 22:02,9.888,GB
01.04.24 22:02,10.721,GB
01.04.24 22:02,11.426,GB
01.04.24 22:02,11.82,GB
01.04.24 22:02,11.441,GB
01.04.24 22:03,10.743,GB
01.04.24 22:03,10.313,GB
01.04.24 22:03,9.793,GB
01.04.24 22:03,9.462,GB
01.04.24 22:03,9.47,GB
01.04.24 22:03,9.947,GB
01.04.24 22:03,10.408,GB
01.04.24 22:03,10.305,GB
01.04.24 22:03,9.972,GB
01.04.24 22:03,9.463,GB
01.04.24 22:03,9.177,GB
01.04.24 22:03,8.73,GB
01.04.24 22:03,8.679,GB
01.04.24 22:03,9.191,GB
01.04.24 22:03,9.706,GB
01.04.24 22:03,9.741,GB
01.04.24 22:03,10.187,GB
01.04.24 22:03,10.725,GB
01.04.24 22:03,10.371,GB
01.04.24 22:03,9.95,GB
01.04.24 22:03,9.422,GB
01.04.24 22:03,9.277,GB
01.04.24 22:03,9.731,GB
01.04.24 22:03,10.152,GB
01.04.24 22:03,10.679,GB
01.04.24 22:03,11.17,GB
01.04.24 22:03,11.227,GB
01.04.24 22:03,10.98,GB
01.04.24 22:03,10.48,GB
01.04.24 22:03,10.182,GB
01.04.24 22:03,9.671,GB
01.04.24 22:03,9.239,GB
01.04.24 22:03,8.793,GB
01.04.24 22:03,8.415,GB
01.04.24 22:03,8.022,GB
01.04.24 22:03,8.108,GB
01.04.24 22:03,8.816,GB
01.04.24 22:03,8.472,GB
01.04.24 22:03,7.984,GB
01.04.24 22:03,7.542,GB
01.04.24 22:03,8.116,GB
01.04.24 22:03,8.876,GB
01.04.24 22:03,8.213,GB
01.04.24 22:03,7.83,GB
01.04.24 22:03,7.286,GB
01.04.24 22:03,6.745,GB
01.04.24 22:03,7.552,GB
01.04.24 22:03,8.189,GB
01.04.24 22:03,8.822,GB
01.04.24 22:03,9.14,GB
01.04.24 22:03,9.864,GB
01.04.24 22:03,9.73,GB
01.04.24 22:03,9.305,GB
01.04.24 22:03,8.908,GB
01.04.24 22:03,8.498,GB
01.04.24 22:03,7.85,GB
01.04.24 22:03,7.425,GB
01.04.24 22:03,7.906,GB
01.04.24 22:04,8.394,GB
01.04.24 22:04,9.132,GB
01.04.24 22:04,9.714,GB
01.04.24 22:04,10.422,GB
01.04.24 22:04,10.9,GB
01.04.24 22:04,11.252,GB
01.04.24 22:04,10.993,GB
01.04.24 22:04,10.694,GB
01.04.24 22:04,10.402,GB
01.04.24 22:04,10.16,GB
01.04.24 22:04,9.754,GB
01.04.24 22:04,9.405,GB
01.04.24 22:04,9.089,GB
01.04.24 22:04,8.824,GB
01.04.24 22:04,8.529,GB
01.04.24 22:04,8.408,GB
01.04.24 22:04,7.976,GB
01.04.24 22:04,7.648,GB
01.04.24 22:04,8.1,GB
01.04.24 22:04,8.62,GB
01.04.24 22:04,9.224,GB
01.04.24 22:04,9.787,GB
01.04.24 22:04,10.43,GB
01.04.24 22:04,10.979,GB
01.04.24 22:04,11.662,GB
01.04.24 22:04,12.15,GB
01.04.24 22:04,12.689,GB
01.04.24 22:04,12.764,GB
01.04.24 22:04,12.521,GB
01.04.24 22:04,11.999,GB
01.04.24 22:04,11.404,GB
01.04.24 22:04,10.777,GB
01.04.24 22:04,10.22,GB
01.04.24 22:04,9.818,GB
01.04.24 22:04,9.337,GB
01.04.24 22:04,8.94,GB
01.04.24 22:04,8.557,GB
01.04.24 22:04,8.06,GB
01.04.24 22:04,8.546,GB
01.04.24 22:04,9.341,GB
01.04.24 22:04,9.819,GB
01.04.24 22:04,9.248,GB
01.04.24 22:04,8.495,GB
01.04.24 22:04,8.041,GB
01.04.24 22:04,7.539,GB
01.04.24 22:04,7.155,GB
01.04.24 22:04,6.692,GB
01.04.24 22:04,6.644,GB
01.04.24 22:04,6.717,GB
01.04.24 22:04,7.659,GB
01.04.24 22:04,8.518,GB
01.04.24 22:04,9.367,GB
01.04.24 22:04,8.609,GB
01.04.24 22:04,7.593,GB
01.04.24 22:04,6.959,GB
01.04.24 22:04,7.052,GB
01.04.24 22:04,7.898,GB
01.04.24 22:04,8.388,GB
01.04.24 22:04,9.184,GB
01.04.24 22:05,9.859,GB
01.04.24 22:05,9.857,GB
01.04.24 22:05,9.542,GB
01.04.24 22:05,9.018,GB
01.04.24 22:05,8.378,GB
01.04.24 22:05,7.885,GB
01.04.24 22:05,7.374,GB
01.04.24 22:05,6.928,GB
01.04.24 22:05,6.317,GB
01.04.24 22:05,6.38,GB
01.04.24 22:05,6.419,GB
01.04.24 22:05,6.378,GB
01.04.24 22:05,6.451,GB
01.04.24 22:05,6.363,GB
01.04.24 22:05,6.425,GB
01.04.24 22:05,6.314,GB
01.04.24 22:05,6.368,GB
01.04.24 22:05,6.461,GB
01.04.24 22:05,6.433,GB
01.04.24 22:05,6.186,GB
01.04.24 22:05,6.142,GB
01.04.24 22:05,6.033,GB
01.04.24 22:05,5.848,GB
01.04.24 22:05,5.409,GB
01.04.24 22:05,5.987,GB
01.04.24 22:05,6.421,GB
01.04.24 22:05,6.747,GB
01.04.24 22:05,6.538,GB
01.04.24 22:05,6.264,GB
01.04.24 22:05,5.971,GB
01.04.24 22:05,5.348,GB
01.04.24 22:05,4.972,GB
01.04.24 22:05,4.964,GB
01.04.24 22:05,4.977,GB
01.04.24 22:05,4.914,GB
01.04.24 22:05,4.834,GB
01.04.24 22:05,4.845,GB
01.04.24 22:05,4.788,GB
01.04.24 22:05,4.848,GB
01.04.24 22:05,4.89,GB
01.04.24 22:05,4.987,GB
01.04.24 22:05,4.874,GB
01.04.24 22:05,4.795,GB
01.04.24 22:05,4.883,GB
01.04.24 22:05,5.569,GB
01.04.24 22:05,5.954,GB
01.04.24 22:05,6.506,GB
01.04.24 22:05,6.415,GB
01.04.24 22:05,4.847,GB
01.04.24 22:05,4.423,GB
01.04.24 22:05,4.407,GB
01.04.24 22:05,4.16,GB
01.04.24 22:05,4.009,GB
01.04.24 22:05,4.144,GB
01.04.24 22:05,4.29,GB
01.04.24 22:05,4.345,GB
01.04.24 22:05,4.328,GB
01.04.24 22:05,4.278,GB
01.04.24 22:05,4.164,GB
01.04.24 22:06,4.174,GB
01.04.24 22:06,4.225,GB
01.04.24 22:06,4.347,GB
01.04.24 22:06,4.463,GB
01.04.24 22:06,4.477,GB
01.04.24 22:06,4.574,GB
01.04.24 22:06,4.775,GB
01.04.24 22:06,4.77,GB
01.04.24 22:06,4.787,GB
01.04.24 22:06,4.773,GB
01.04.24 22:06,4.9,GB
01.04.24 22:06,5.008,GB
01.04.24 22:06,4.977,GB
01.04.24 22:06,4.89,GB
01.04.24 22:06,5.128,GB
01.04.24 22:06,5.959,GB
01.04.24 22:06,6.842,GB
01.04.24 22:06,7.571,GB
01.04.24 22:06,8.208,GB
01.04.24 22:06,8.823,GB
01.04.24 22:06,9.431,GB
01.04.24 22:06,9.406,GB
01.04.24 22:06,8.965,GB
01.04.24 22:06,8.353,GB
01.04.24 22:06,7.58,GB
01.04.24 22:06,7.045,GB
01.04.24 22:06,6.544,GB
01.04.24 22:06,6.259,GB
01.04.24 22:06,5.803,GB
01.04.24 22:06,5.111,GB
01.04.24 22:06,4.794,GB
01.04.24 22:06,4.805,GB
01.04.24 22:06,4.75,GB
01.04.24 22:06,4.685,GB
01.04.24 22:06,4.736,GB
01.04.24 22:06,4.752,GB
01.04.24 22:06,4.727,GB
01.04.24 22:06,4.77,GB
01.04.24 22:06,4.839,GB
01.04.24 22:06,5.017,GB
01.04.24 22:06,5.094,GB
01.04.24 22:06,5.292,GB
01.04.24 22:06,5.2,GB
01.04.24 22:06,5.255,GB
01.04.24 22:06,5.229,GB
01.04.24 22:06,5.321,GB
01.04.24 22:06,5.288,GB
01.04.24 22:06,5.159,GB
01.04.24 22:06,5.233,GB
01.04.24 22:06,5.34,GB
01.04.24 22:06,5.759,GB
01.04.24 22:06,6.309,GB
01.04.24 22:06,6.809,GB
01.04.24 22:06,6.451,GB
01.04.24 22:06,6.205,GB
01.04.24 22:06,5.864,GB
01.04.24 22:06,5.396,GB
01.04.24 22:06,4.997,GB
01.04.24 22:06,5.112,GB
01.04.24 22:07,4.951,GB
01.04.24 22:07,4.827,GB
01.04.24 22:07,4.7,GB
01.04.24 22:07,4.717,GB
01.04.24 22:07,4.761,GB
01.04.24 22:07,4.816,GB
01.04.24 22:07,5.004,GB
01.04.24 22:07,5.167,GB
01.04.24 22:07,5.214,GB
01.04.24 22:07,5.111,GB
01.04.24 22:07,5.093,GB
01.04.24 22:07,5.141,GB
01.04.24 22:07,5.031,GB
01.04.24 22:07,4.961,GB
01.04.24 22:07,5.248,GB
01.04.24 22:07,5.518,GB
01.04.24 22:07,5.902,GB
01.04.24 22:07,6.264,GB
01.04.24 22:07,6.652,GB
01.04.24 22:07,6.556,GB
01.04.24 22:07,5.814,GB
01.04.24 22:07,5.358,GB
01.04.24 22:07,5.283,GB
01.04.24 22:07,5.128,GB
01.04.24 22:07,4.865,GB
01.04.24 22:07,5.272,GB
01.04.24 22:07,5.345,GB
01.04.24 22:07,4.794,GB
01.04.24 22:07,4.325,GB
01.04.24 22:07,4.295,GB
01.04.24 22:07,4.274,GB
01.04.24 22:07,4.927,GB
01.04.24 22:07,5.459,GB
01.04.24 22:07,6.163,GB
01.04.24 22:07,6.816,GB
01.04.24 22:07,7.454,GB
01.04.24 22:07,8.083,GB
01.04.24 22:07,8.306,GB
01.04.24 22:07,7.967,GB
01.04.24 22:07,7.236,GB
01.04.24 22:07,6.614,GB
01.04.24 22:07,7.101,GB
01.04.24 22:07,8.049,GB
01.04.24 22:07,8.141,GB
01.04.24 22:07,7.541,GB
01.04.24 22:07,6.942,GB
01.04.24 22:07,6.646,GB
01.04.24 22:07,6.565,GB
01.04.24 22:07,6.318,GB
01.04.24 22:07,6.414,GB
01.04.24 22:07,6.838,GB
01.04.24 22:07,7.596,GB
01.04.24 22:07,8.099,GB
01.04.24 22:07,7.609,GB
01.04.24 22:07,7.059,GB
01.04.24 22:07,6.712,GB
01.04.24 22:07,6.509,GB
01.04.24 22:07,6.479,GB
01.04.24 22:07,6.38,GB
01.04.24 22:08,6.345,GB
01.04.24 22:08,6.459,GB
01.04.24 22:08,6.411,GB
01.04.24 22:08,6.375,GB
01.04.24 22:08,6.417,GB
01.04.24 22:08,6.387,GB
01.04.24 22:08,6.391,GB
01.04.24 22:08,6.321,GB
01.04.24 22:08,6.361,GB
01.04.24 22:08,6.277,GB
01.04.24 22:08,6.268,GB
01.04.24 22:08,6.278,GB
01.04.24 22:08,6.214,GB
01.04.24 22:08,6.273,GB
01.04.24 22:08,6.329,GB
01.04.24 22:08,6.297,GB
01.04.24 22:08,6.248,GB
01.04.24 22:08,6.241,GB
01.04.24 22:08,6.167,GB
01.04.24 22:08,6.183,GB
01.04.24 22:08,6.209,GB
01.04.24 22:08,6.205,GB
01.04.24 22:08,6.277,GB
01.04.24 22:08,6.329,GB
01.04.24 22:08,6.303,GB
01.04.24 22:08,6.461,GB
01.04.24 22:08,6.457,GB
01.04.24 22:08,6.476,GB
01.04.24 22:08,6.453,GB
01.04.24 22:08,6.439,GB
01.04.24 22:08,6.425,GB
01.04.24 22:08,6.353,GB
01.04.24 22:08,6.373,GB
01.04.24 22:08,6.373,GB
01.04.24 22:08,6.288,GB
01.04.24 22:08,6.348,GB
01.04.24 22:08,6.803,GB
01.04.24 22:08,7.081,GB
01.04.24 22:08,6.721,GB
01.04.24 22:08,6.839,GB
01.04.24 22:08,7.542,GB
01.04.24 22:08,7.924,GB
01.04.24 22:08,8.309,GB
01.04.24 22:08,8.787,GB
01.04.24 22:08,9.329,GB
01.04.24 22:08,9.918,GB
01.04.24 22:08,9.738,GB
01.04.24 22:08,9.385,GB
01.04.24 22:08,8.81,GB
01.04.24 22:08,8.445,GB
01.04.24 22:08,8.117,GB
01.04.24 22:08,7.676,GB
01.04.24 22:08,7.338,GB
01.04.24 22:08,6.962,GB
01.04.24 22:08,6.623,GB
01.04.24 22:08,6.342,GB
01.04.24 22:08,6.331,GB
01.04.24 22:08,6.112,GB
01.04.24 22:08,6.035,GB
01.04.24 22:09,6.46,GB
01.04.24 22:09,7.219,GB
01.04.24 22:09,7.923,GB
01.04.24 22:09,8.85,GB
01.04.24 22:09,9.973,GB
01.04.24 22:09,11.013,GB
01.04.24 22:09,11.778,GB
01.04.24 22:09,12.593,GB
01.04.24 22:09,13.361,GB
01.04.24 22:09,13.16,GB
01.04.24 22:09,12.689,GB
01.04.24 22:09,12.285,GB
01.04.24 22:09,11.905,GB
01.04.24 22:09,11.334,GB
01.04.24 22:09,10.894,GB
01.04.24 22:09,10.639,GB
01.04.24 22:09,10.227,GB
01.04.24 22:09,10.08,GB
01.04.24 22:09,9.834,GB
01.04.24 22:09,9.423,GB
01.04.24 22:09,9.29,GB
01.04.24 22:09,9.144,GB
01.04.24 22:09,9.044,GB
01.04.24 22:09,8.694,GB
01.04.24 22:09,8.25,GB
01.04.24 22:09,7.949,GB
01.04.24 22:09,7.8,GB
01.04.24 22:09,7.489,GB
01.04.24 22:09,7.401,GB
01.04.24 22:09,7.161,GB
01.04.24 22:09,7.373,GB
01.04.24 22:09,7.575,GB
01.04.24 22:09,7.875,GB
01.04.24 22:09,8.298,GB
01.04.24 22:09,8.674,GB
01.04.24 22:09,8.429,GB
01.04.24 22:09,8.099,GB
01.04.24 22:09,8.373,GB
01.04.24 22:09,8.801,GB
01.04.24 22:09,9.185,GB
01.04.24 22:09,9,GB
01.04.24 22:09,8.585,GB
01.04.24 22:09,7.541,GB
01.04.24 22:09,6.718,GB
01.04.24 22:09,6.246,GB
01.04.24 22:09,5.927,GB
01.04.24 22:09,6.819,GB
01.04.24 22:09,7.525,GB
01.04.24 22:09,8.494,GB
01.04.24 22:09,9.134,GB
01.04.24 22:09,9.032,GB
01.04.24 22:09,9.884,GB
01.04.24 22:09,10.679,GB
01.04.24 22:09,10.487,GB
01.04.24 22:09,9.797,GB
01.04.24 22:09,10.487,GB
01.04.24 22:09,11.376,GB
01.04.24 22:09,12.365,GB
01.04.24 22:09,13.174,GB
01.04.24 22:10,13.572,GB
01.04.24 22:10,12.885,GB
01.04.24 22:10,12.223,GB
01.04.24 22:10,11.574,GB
01.04.24 22:10,10.905,GB
01.04.24 22:10,10.272,GB
01.04.24 22:10,9.888,GB
01.04.24 22:10,10.477,GB
01.04.24 22:10,10.462,GB
01.04.24 22:10,10.002,GB
01.04.24 22:10,9.407,GB
01.04.24 22:10,8.976,GB
01.04.24 22:10,8.599,GB
01.04.24 22:10,8.274,GB
01.04.24 22:10,7.743,GB
01.04.24 22:10,7.318,GB
01.04.24 22:10,6.636,GB
01.04.24 22:10,6.238,GB
01.04.24 22:10,6.194,GB
01.04.24 22:10,6.207,GB
01.04.24 22:10,6.085,GB
01.04.24 22:10,6.099,GB
01.04.24 22:10,6.044,GB
01.04.24 22:10,6.329,GB
01.04.24 22:10,6.672,GB
01.04.24 22:10,6.957,GB
01.04.24 22:10,6.654,GB
01.04.24 22:10,6.421,GB
01.04.24 22:10,6.24,GB
01.04.24 22:10,6.126,GB
01.04.24 22:10,5.953,GB
01.04.24 22:10,5.903,GB
01.04.24 22:10,6.009,GB
01.04.24 22:10,5.988,GB
01.04.24 22:10,6.129,GB
01.04.24 22:10,6.158,GB
01.04.24 22:10,6.198,GB
01.04.24 22:10,6.164,GB
01.04.24 22:10,6.189,GB
01.04.24 22:10,5.91,GB
01.04.24 22:10,5.861,GB
01.04.24 22:10,5.903,GB
01.04.24 22:10,5.871,GB
01.04.24 22:10,5.81,GB
01.04.24 22:10,6.059,GB
01.04.24 22:10,6.343,GB
01.04.24 22:10,6.637,GB
01.04.24 22:10,7.071,GB
01.04.24 22:10,7.453,GB
01.04.24 22:10,7.896,GB
01.04.24 22:10,8.491,GB
01.04.24 22:10,8.165,GB
01.04.24 22:10,8.098,GB
01.04.24 22:10,8.697,GB
01.04.24 22:10,8.893,GB
01.04.24 22:10,8.625,GB
01.04.24 22:10,8.043,GB
01.04.24 22:10,7.536,GB
01.04.24 22:10,8.226,GB
01.04.24 22:11,8.853,GB
01.04.24 22:11,8.391,GB
01.04.24 22:11,7.753,GB
01.04.24 22:11,7.117,GB
01.04.24 22:11,5.625,GB
01.04.24 22:11,5.585,GB
01.04.24 22:11,4.953,GB
01.04.24 22:11,4.786,GB
01.04.24 22:11,4.765,GB
01.04.24 22:11,4.626,GB
01.04.24 22:11,4.534,GB
01.04.24 22:11,4.572,GB
01.04.24 22:11,4.704,GB
01.04.24 22:11,5.381,GB
01.04.24 22:11,5.311,GB
01.04.24 22:11,4.964,GB
01.04.24 22:11,4.76,GB
01.04.24 22:11,4.723,GB
01.04.24 22:11,4.887,GB
01.04.24 22:11,4.923,GB
01.04.24 22:11,5.026,GB
01.04.24 22:11,5.108,GB
01.04.24 22:11,5.172,GB
01.04.24 22:11,5.228,GB
01.04.24 22:11,5.081,GB
01.04.24 22:11,5.038,GB
01.04.24 22:11,5.2,GB
01.04.24 22:11,5.651,GB
01.04.24 22:11,6.118,GB
01.04.24 22:11,5.86,GB
01.04.24 22:11,5.189,GB
01.04.24 22:11,4.373,GB
01.04.24 22:11,4.328,GB
01.04.24 22:11,4.445,GB
01.04.24 22:11,4.798,GB
01.04.24 22:11,5.176,GB
01.04.24 22:11,4.939,GB
01.04.24 22:11,4.658,GB
01.04.24 22:11,4.419,GB
01.04.24 22:11,4.425,GB
01.04.24 22:11,4.495,GB
01.04.24 22:11,4.595,GB
01.04.24 22:11,4.577,GB
01.04.24 22:11,4.561,GB
01.04.24 22:11,4.664,GB
01.04.24 22:11,4.726,GB
01.04.24 22:11,5.158,GB
01.04.24 22:11,5.74,GB
01.04.24 22:11,6.109,GB
01.04.24 22:11,6.442,GB
01.04.24 22:11,6.66,GB
01.04.24 22:11,6.839,GB
01.04.24 22:11,7.135,GB
01.04.24 22:11,7.39,GB
01.04.24 22:11,7.75,GB
01.04.24 22:11,7.528,GB
01.04.24 22:11,7.374,GB
01.04.24 22:11,7.292,GB
01.04.24 22:11,7.136,GB
01.04.24 22:12,6.916,GB
01.04.24 22:12,6.665,GB
01.04.24 22:12,6.179,GB
01.04.24 22:12,5.822,GB
01.04.24 22:12,5.573,GB
01.04.24 22:12,5.394,GB
01.04.24 22:12,5.05,GB
01.04.24 22:12,4.886,GB
01.04.24 22:12,4.749,GB
01.04.24 22:12,5.038,GB
01.04.24 22:12,5.47,GB
01.04.24 22:12,5.876,GB
01.04.24 22:12,6.344,GB
01.04.24 22:12,6.735,GB
01.04.24 22:12,7.176,GB
01.04.24 22:12,7.552,GB
01.04.24 22:12,7.36,GB
01.04.24 22:12,6.96,GB
01.04.24 22:12,6.508,GB
01.04.24 22:12,6.166,GB
01.04.24 22:12,5.931,GB
01.04.24 22:12,5.043,GB
01.04.24 22:12,5.344,GB
01.04.24 22:12,5.97,GB
01.04.24 22:12,6.464,GB
01.04.24 22:12,7.049,GB
01.04.24 22:12,6.801,GB
01.04.24 22:12,7.014,GB
01.04.24 22:12,7.79,GB
01.04.24 22:12,8.154,GB
01.04.24 22:12,8.057,GB
01.04.24 22:12,8.748,GB
01.04.24 22:12,9.429,GB
01.04.24 22:12,9.526,GB
01.04.24 22:12,9.107,GB
01.04.24 22:12,8.624,GB
01.04.24 22:12,8.156,GB
01.04.24 22:12,8.017,GB
01.04.24 22:12,8.499,GB
01.04.24 22:12,9.085,GB
01.04.24 22:12,9.47,GB
01.04.24 22:12,9.832,GB
01.04.24 22:12,10.228,GB
01.04.24 22:12,10.72,GB
01.04.24 22:12,10.988,GB
01.04.24 22:12,11.29,GB
01.04.24 22:12,11.598,GB
01.04.24 22:12,12.002,GB
01.04.24 22:12,12.197,GB
01.04.24 22:12,12.076,GB
01.04.24 22:12,11.962,GB
01.04.24 22:12,11.741,GB
01.04.24 22:12,11.512,GB
01.04.24 22:12,11.403,GB
01.04.24 22:12,11.192,GB
01.04.24 22:12,10.972,GB
01.04.24 22:12,10.46,GB
01.04.24 22:12,9.951,GB
01.04.24 22:13,10.138,GB
01.04.24 22:13,10.47,GB
01.04.24 22:13,10.522,GB
01.04.24 22:13,10.832,GB
01.04.24 22:13,11.236,GB
01.04.24 22:13,11.717,GB
01.04.24 22:13,12.138,GB
01.04.24 22:13,12.64,GB
01.04.24 22:13,13.201,GB
01.04.24 22:13,12.997,GB
01.04.24 22:13,12.828,GB
01.04.24 22:13,13.277,GB
01.04.24 22:13,13.874,GB
01.04.24 22:13,13.822,GB
01.04.24 22:13,13.476,GB
01.04.24 22:13,13.162,GB
01.04.24 22:13,12.91,GB
01.04.24 22:13,12.764,GB
01.04.24 22:13,12.554,GB
01.04.24 22:13,12.228,GB
01.04.24 22:13,12.094,GB
01.04.24 22:13,12.138,GB
01.04.24 22:13,12.28,GB
01.04.24 22:13,12.828,GB
01.04.24 22:13,13.432,GB
01.04.24 22:13,13.931,GB
01.04.24 22:13,13.764,GB
01.04.24 22:13,13.322,GB
01.04.24 22:13,12.848,GB
01.04.24 22:13,12.471,GB
01.04.24 22:13,12.676,GB
01.04.24 22:13,13.187,GB
01.04.24 22:13,13.701,GB
01.04.24 22:13,13.328,GB
01.04.24 22:13,13.03,GB
01.04.24 22:13,13.247,GB
01.04.24 22:13,13.702,GB
01.04.24 22:13,14.206,GB
01.04.24 22:13,14.683,GB
01.04.24 22:13,14.77,GB
01.04.24 22:13,14.469,GB
01.04.24 22:13,14.365,GB
01.04.24 22:13,14.907,GB
01.04.24 22:13,14.599,GB
01.04.24 22:13,14.188,GB
01.04.24 22:13,13.922,GB
01.04.24 22:13,13.682,GB
01.04.24 22:13,13.427,GB
01.04.24 22:13,13.115,GB
01.04.24 22:13,12.802,GB
01.04.24 22:13,12.485,GB
01.04.24 22:13,12.233,GB
01.04.24 22:13,11.833,GB
01.04.24 22:13,11.541,GB
01.04.24 22:13,11.291,GB
01.04.24 22:13,10.994,GB
01.04.24 22:13,10.769,GB
01.04.24 22:13,10.506,GB
01.04.24 22:13,10.341,GB
01.04.24 22:14,9.931,GB
01.04.24 22:14,9.57,GB
01.04.24 22:14,9.242,GB
01.04.24 22:14,9.843,GB
01.04.24 22:14,9.439,GB
01.04.24 22:14,8.98,GB
01.04.24 22:14,8.526,GB
01.04.24 22:14,8.939,GB
01.04.24 22:14,9.514,GB
01.04.24 22:14,9.397,GB
01.04.24 22:14,10.196,GB
01.04.24 22:14,10.829,GB
01.04.24 22:14,11.364,GB
01.04.24 22:14,10.97,GB
01.04.24 22:14,10.49,GB
01.04.24 22:14,10.495,GB
01.04.24 22:14,11.107,GB
01.04.24 22:14,11.43,GB
01.04.24 22:14,10.719,GB
01.04.24 22:14,10.218,GB
01.04.24 22:14,9.61,GB
01.04.24 22:14,9.23,GB
01.04.24 22:14,8.711,GB
01.04.24 22:14,8.311,GB
01.04.24 22:14,7.944,GB
01.04.24 22:14,7.813,GB
01.04.24 22:14,8.59,GB
01.04.24 22:14,9.234,GB
01.04.24 22:14,9.889,GB
01.04.24 22:14,10.024,GB
01.04.24 22:14,9.413,GB
01.04.24 22:14,9.007,GB
01.04.24 22:14,8.5,GB
01.04.24 22:14,8.197,GB
01.04.24 22:14,7.709,GB
01.04.24 22:14,7.367,GB
01.04.24 22:14,6.925,GB
01.04.24 22:14,6.718,GB
01.04.24 22:14,6.71,GB
01.04.24 22:14,6.763,GB
01.04.24 22:14,6.602,GB
01.04.24 22:14,6.71,GB
01.04.24 22:14,7.315,GB
01.04.24 22:14,7.782,GB
01.04.24 22:14,8.496,GB
01.04.24 22:14,9.084,GB
01.04.24 22:14,9.532,GB
01.04.24 22:14,10.074,GB
01.04.24 22:14,10.666,GB
01.04.24 22:14,10.523,GB
01.04.24 22:14,10.119,GB
01.04.24 22:14,9.721,GB
01.04.24 22:14,9.259,GB
01.04.24 22:14,8.558,GB
01.04.24 22:14,7.544,GB
01.04.24 22:14,7.031,GB
01.04.24 22:14,6.713,GB
01.04.24 22:14,6.192,GB
01.04.24 22:14,6.007,GB
01.04.24 22:15,6.021,GB
01.04.24 22:15,6.105,GB
01.04.24 22:15,5.883,GB
01.04.24 22:15,5.86,GB
01.04.24 22:15,5.935,GB
01.04.24 22:15,6.603,GB
01.04.24 22:15,7.142,GB
01.04.24 22:15,6.966,GB
01.04.24 22:15,6.547,GB
01.04.24 22:15,6.127,GB
01.04.24 22:15,5.705,GB
01.04.24 22:15,5.855,GB
01.04.24 22:15,6.554,GB
01.04.24 22:15,7.299,GB
01.04.24 22:15,7.916,GB
01.04.24 22:15,7.835,GB
01.04.24 22:15,7.083,GB
01.04.24 22:15,6.552,GB
01.04.24 22:15,6.322,GB
01.04.24 22:15,6.41,GB
01.04.24 22:15,7.048,GB
01.04.24 22:15,7.317,GB
01.04.24 22:15,6.605,GB
01.04.24 22:15,6.34,GB
01.04.24 22:15,6.881,GB
01.04.24 22:15,7.219,GB
01.04.24 22:15,6.474,GB
01.04.24 22:15,6.229,GB
01.04.24 22:15,6.227,GB
01.04.24 22:15,6.2,GB
01.04.24 22:15,6.058,GB
01.04.24 22:15,6.038,GB
01.04.24 22:15,5.969,GB
01.04.24 22:15,6.058,GB
01.04.24 22:15,6.026,GB
01.04.24 22:15,6.045,GB
01.04.24 22:15,6.091,GB
01.04.24 22:15,6.028,GB
01.04.24 22:15,6.077,GB
01.04.24 22:15,6.109,GB
01.04.24 22:15,6.215,GB
01.04.24 22:15,6.165,GB
01.04.24 22:15,6.123,GB
01.04.24 22:15,6.113,GB
01.04.24 22:15,6.094,GB
01.04.24 22:15,6.259,GB
01.04.24 22:15,5.984,GB
01.04.24 22:15,5.816,GB
01.04.24 22:15,5.868,GB
01.04.24 22:15,6.079,GB
01.04.24 22:15,5.855,GB
01.04.24 22:15,5.874,GB
01.04.24 22:15,5.9,GB
01.04.24 22:15,5.888,GB
01.04.24 22:15,5.828,GB
01.04.24 22:15,5.775,GB
01.04.24 22:15,5.728,GB
01.04.24 22:15,5.671,GB
01.04.24 22:15,5.69,GB
01.04.24 22:16,6.127,GB
01.04.24 22:16,6.61,GB
01.04.24 22:16,6.299,GB
01.04.24 22:16,5.92,GB
01.04.24 22:16,5.696,GB
01.04.24 22:16,5.657,GB
01.04.24 22:16,5.635,GB
01.04.24 22:16,5.723,GB
01.04.24 22:16,6.136,GB
01.04.24 22:16,6.18,GB
01.04.24 22:16,6.023,GB
01.04.24 22:16,5.997,GB
01.04.24 22:16,6.135,GB
01.04.24 22:16,6.166,GB
01.04.24 22:16,6.12,GB
01.04.24 22:16,5.946,GB
01.04.24 22:16,6.013,GB
01.04.24 22:16,6.053,GB
01.04.24 22:16,6.04,GB
01.04.24 22:16,5.871,GB
01.04.24 22:16,5.842,GB
01.04.24 22:16,5.757,GB
01.04.24 22:16,5.883,GB
01.04.24 22:16,6.176,GB
01.04.24 22:16,5.519,GB
01.04.24 22:16,5.203,GB
01.04.24 22:16,5.28,GB
01.04.24 22:16,5.334,GB
01.04.24 22:16,6.061,GB
01.04.24 22:16,6.607,GB
01.04.24 22:16,7.35,GB
01.04.24 22:16,8.146,GB
01.04.24 22:16,8.784,GB
01.04.24 22:16,9.42,GB
01.04.24 22:16,9.277,GB
01.04.24 22:16,9.06,GB
01.04.24 22:16,8.731,GB
01.04.24 22:16,8.492,GB
01.04.24 22:16,8.274,GB
01.04.24 22:16,7.792,GB
01.04.24 22:16,7.534,GB
01.04.24 22:16,7.308,GB
01.04.24 22:16,7.127,GB
01.04.24 22:16,7.628,GB
01.04.24 22:16,8.383,GB
01.04.24 22:16,9.141,GB
01.04.24 22:16,9.337,GB
01.04.24 22:16,8.852,GB
01.04.24 22:16,8.14,GB
01.04.24 22:16,7.656,GB
01.04.24 22:16,7.729,GB
01.04.24 22:16,8.399,GB
01.04.24 22:16,8.672,GB
01.04.24 22:16,8.37,GB
01.04.24 22:16,7.942,GB
01.04.24 22:16,7.543,GB
01.04.24 22:16,7.099,GB
01.04.24 22:16,6.544,GB
01.04.24 22:16,6.516,GB
01.04.24 22:17,6.55,GB
01.04.24 22:17,6.558,GB
01.04.24 22:17,6.521,GB
01.04.24 22:17,6.432,GB
01.04.24 22:17,6.393,GB
01.04.24 22:17,6.68,GB
01.04.24 22:17,7.341,GB
01.04.24 22:17,7.711,GB
01.04.24 22:17,8.021,GB
01.04.24 22:17,8.403,GB
01.04.24 22:17,8.765,GB
01.04.24 22:17,9.4,GB
01.04.24 22:17,9.826,GB
01.04.24 22:17,10.273,GB
01.04.24 22:17,10.755,GB
01.04.24 22:17,10.784,GB
01.04.24 22:17,10.51,GB
01.04.24 22:17,10.16,GB
01.04.24 22:17,9.756,GB
01.04.24 22:17,9.628,GB
01.04.24 22:17,9.354,GB
01.04.24 22:17,8.875,GB
01.04.24 22:17,8.456,GB
01.04.24 22:17,8.125,GB
01.04.24 22:17,7.807,GB
01.04.24 22:17,7.442,GB
01.04.24 22:17,7.121,GB
01.04.24 22:17,6.585,GB
01.04.24 22:17,6.374,GB
01.04.24 22:17,6.464,GB
01.04.24 22:17,6.549,GB
01.04.24 22:17,6.542,GB
01.04.24 22:17,6.411,GB
01.04.24 22:17,6.438,GB
01.04.24 22:17,6.335,GB
01.04.24 22:17,6.131,GB
01.04.24 22:17,6.726,GB
01.04.24 22:17,7.4,GB
01.04.24 22:17,7.234,GB
01.04.24 22:17,6.809,GB
01.04.24 22:17,6.402,GB
01.04.24 22:17,6.019,GB
01.04.24 22:17,6.222,GB
01.04.24 22:17,6.697,GB
01.04.24 22:17,7.094,GB
01.04.24 22:17,6.841,GB
01.04.24 22:17,6.079,GB
01.04.24 22:17,5.8,GB
01.04.24 22:17,5.77,GB
01.04.24 22:17,5.828,GB
01.04.24 22:17,5.84,GB
01.04.24 22:17,5.805,GB
01.04.24 22:17,5.919,GB
01.04.24 22:17,6.539,GB
01.04.24 22:17,7.347,GB
01.04.24 22:17,7.977,GB
01.04.24 22:17,8.286,GB
01.04.24 22:17,7.873,GB
01.04.24 22:17,7.955,GB
01.04.24 22:18,8.39,GB
01.04.24 22:18,8.058,GB
01.04.24 22:18,7.647,GB
01.04.24 22:18,7.329,GB
01.04.24 22:18,7.051,GB
01.04.24 22:18,7.637,GB
01.04.24 22:18,8.226,GB
01.04.24 22:18,8.418,GB
01.04.24 22:18,8.326,GB
01.04.24 22:18,7.997,GB
01.04.24 22:18,7.623,GB
01.04.24 22:18,7.33,GB
01.04.24 22:18,6.906,GB
01.04.24 22:18,6.579,GB
01.04.24 22:18,6.466,GB
01.04.24 22:18,6.481,GB
01.04.24 22:18,6.456,GB
01.04.24 22:18,6.495,GB
01.04.24 22:18,6.406,GB
01.04.24 22:18,6.42,GB
01.04.24 22:18,6.402,GB
01.04.24 22:18,6.383,GB
01.04.24 22:18,6.418,GB
01.04.24 22:18,6.684,GB
01.04.24 22:18,6.973,GB
01.04.24 22:18,7.168,GB
01.04.24 22:18,7.634,GB
01.04.24 22:18,7.757,GB
01.04.24 22:18,8.099,GB
01.04.24 22:18,8.243,GB
01.04.24 22:18,8.517,GB
01.04.24 22:18,8.846,GB
01.04.24 22:18,9.217,GB
01.04.24 22:18,9.622,GB
01.04.24 22:18,10.064,GB
01.04.24 22:18,10.124,GB
01.04.24 22:18,9.842,GB
01.04.24 22:18,9.416,GB
01.04.24 22:18,8.848,GB
01.04.24 22:18,8.655,GB
01.04.24 22:18,9.164,GB
01.04.24 22:18,9.713,GB
01.04.24 22:18,9.62,GB
01.04.24 22:18,9.164,GB
01.04.24 22:18,8.85,GB
01.04.24 22:18,8.291,GB
01.04.24 22:18,7.946,GB
01.04.24 22:18,7.517,GB
01.04.24 22:18,7.68,GB
01.04.24 22:18,8.756,GB
01.04.24 22:18,9.341,GB
01.04.24 22:18,9.925,GB
01.04.24 22:18,10.71,GB
01.04.24 22:18,11.347,GB
01.04.24 22:18,11.846,GB
01.04.24 22:18,12.543,GB
01.04.24 22:18,13.162,GB
01.04.24 22:18,13.72,GB
01.04.24 22:18,14.338,GB
01.04.24 22:19,15.045,GB
01.04.24 22:19,15.604,GB
01.04.24 22:19,16.204,GB
01.04.24 22:19,16.296,GB
01.04.24 22:19,15.925,GB
01.04.24 22:19,15.294,GB
01.04.24 22:19,14.886,GB
01.04.24 22:19,14.401,GB
01.04.24 22:19,14.041,GB
01.04.24 22:19,14.052,GB
01.04.24 22:19,14.59,GB
01.04.24 22:19,15.07,GB
01.04.24 22:19,15.529,GB
01.04.24 22:19,16.113,GB
01.04.24 22:19,15.971,GB
01.04.24 22:19,15.633,GB
01.04.24 22:19,15.291,GB
01.04.24 22:19,15.018,GB
01.04.24 22:19,14.637,GB
01.04.24 22:19,14.253,GB
01.04.24 22:19,13.975,GB
01.04.24 22:19,13.692,GB
01.04.24 22:19,13.368,GB
01.04.24 22:19,13.084,GB
01.04.24 22:19,12.824,GB
01.04.24 22:19,12.42,GB
01.04.24 22:19,12.055,GB
01.04.24 22:19,11.825,GB
01.04.24 22:19,11.627,GB
01.04.24 22:19,11.457,GB
01.04.24 22:19,11.056,GB
01.04.24 22:19,10.675,GB
01.04.24 22:19,10.549,GB
01.04.24 22:19,10.151,GB
01.04.24 22:19,10.537,GB
01.04.24 22:19,11.039,GB
01.04.24 22:19,11.181,GB
01.04.24 22:19,10.732,GB
01.04.24 22:19,10.277,GB
01.04.24 22:19,9.678,GB
01.04.24 22:19,10.195,GB
01.04.24 22:19,10.755,GB
01.04.24 22:19,10.967,GB
01.04.24 22:19,10.734,GB
01.04.24 22:19,10.533,GB
01.04.24 22:19,10,GB
01.04.24 22:19,10.189,GB
01.04.24 22:19,10.728,GB
01.04.24 22:19,11.341,GB
01.04.24 22:19,10.991,GB
01.04.24 22:19,10.639,GB
01.04.24 22:19,10.154,GB
01.04.24 22:19,9.751,GB
01.04.24 22:19,9.232,GB
01.04.24 22:19,8.883,GB
01.04.24 22:19,8.387,GB
01.04.24 22:19,7.976,GB
01.04.24 22:19,7.463,GB
01.04.24 22:19,7.024,GB
01.04.24 22:20,6.767,GB
01.04.24 22:20,6.9,GB
01.04.24 22:20,7.506,GB
01.04.24 22:20,7.951,GB
01.04.24 22:20,7.549,GB
01.04.24 22:20,6.93,GB
01.04.24 22:20,6.418,GB
01.04.24 22:20,6.369,GB
01.04.24 22:20,6.048,GB
01.04.24 22:20,6.529,GB
01.04.24 22:20,6.888,GB
01.04.24 22:20,6.06,GB
01.04.24 22:20,5.334,GB
01.04.24 22:20,4.795,GB
01.04.24 22:20,4.73,GB
01.04.24 22:20,4.679,GB
01.04.24 22:20,4.599,GB
01.04.24 22:20,4.635,GB
01.04.24 22:20,4.505,GB
01.04.24 22:20,4.935,GB
01.04.24 22:20,5.297,GB
01.04.24 22:20,5.606,GB
01.04.24 22:20,5.234,GB
01.04.24 22:20,5.026,GB
01.04.24 22:20,4.739,GB
01.04.24 22:20,4.821,GB
01.04.24 22:20,4.6,GB
01.04.24 22:20,4.374,GB
01.04.24 22:20,4.496,GB
01.04.24 22:20,4.512,GB
01.04.24 22:20,4.608,GB
01.04.24 22:20,4.67,GB
01.04.24 22:20,4.799,GB
01.04.24 22:20,4.982,GB
01.04.24 22:20,5.204,GB
01.04.24 22:20,5.343,GB
01.04.24 22:20,5.843,GB
01.04.24 22:20,6.027,GB
01.04.24 22:20,6.69,GB
01.04.24 22:20,7.04,GB
01.04.24 22:20,7.48,GB
01.04.24 22:20,8.114,GB
01.04.24 22:20,8.589,GB
01.04.24 22:20,9.098,GB
01.04.24 22:20,9.318,GB
01.04.24 22:20,9.04,GB
01.04.24 22:20,8.213,GB
01.04.24 22:20,7.409,GB
01.04.24 22:20,6.961,GB
01.04.24 22:20,7.293,GB
01.04.24 22:20,7.813,GB
01.04.24 22:20,8.593,GB
01.04.24 22:20,9.036,GB
01.04.24 22:20,9.499,GB
01.04.24 22:20,10.012,GB
01.04.24 22:20,10.514,GB
01.04.24 22:20,11.041,GB
01.04.24 22:20,11.457,GB
01.04.24 22:20,11.453,GB
01.04.24 22:21,11.129,GB
01.04.24 22:21,10.625,GB
01.04.24 22:21,9.937,GB
01.04.24 22:21,9.31,GB
01.04.24 22:21,9.785,GB
01.04.24 22:21,9.828,GB
01.04.24 22:21,9.569,GB
01.04.24 22:21,9.221,GB
01.04.24 22:21,8.949,GB
01.04.24 22:21,8.605,GB
01.04.24 22:21,8.22,GB
01.04.24 22:21,7.864,GB
01.04.24 22:21,8.024,GB
01.04.24 22:21,8.556,GB
01.04.24 22:21,9.186,GB
01.04.24 22:21,9.381,GB
01.04.24 22:21,8.974,GB
01.04.24 22:21,8.794,GB
01.04.24 22:21,8.55,GB
01.04.24 22:21,8.425,GB
01.04.24 22:21,8.109,GB
01.04.24 22:21,7.584,GB
01.04.24 22:21,7.14,GB
01.04.24 22:21,6.991,GB
01.04.24 22:21,6.847,GB
01.04.24 22:21,6.544,GB
01.04.24 22:21,6.418,GB
01.04.24 22:21,5.886,GB
01.04.24 22:21,6.444,GB
01.04.24 22:21,6.75,GB
01.04.24 22:21,6.949,GB
01.04.24 22:21,7.205,GB
01.04.24 22:21,7.487,GB
01.04.24 22:21,7.807,GB
01.04.24 22:21,8.134,GB
01.04.24 22:21,8.646,GB
01.04.24 22:21,8.882,GB
01.04.24 22:21,8.619,GB
01.04.24 22:21,8.252,GB
01.04.24 22:21,8.073,GB
01.04.24 22:21,7.384,GB
01.04.24 22:21,7.214,GB
01.04.24 22:21,7.353,GB
01.04.24 22:21,7.64,GB
01.04.24 22:21,7.941,GB
01.04.24 22:21,8.119,GB
01.04.24 22:21,7.839,GB
01.04.24 22:21,7.708,GB
01.04.24 22:21,7.459,GB
01.04.24 22:21,7.858,GB
01.04.24 22:21,8.175,GB
01.04.24 22:21,8.539,GB
01.04.24 22:21,8.475,GB
01.04.24 22:21,8.198,GB
01.04.24 22:21,8.146,GB
01.04.24 22:21,8.839,GB
01.04.24 22:21,9.461,GB
01.04.24 22:21,10.085,GB
01.04.24 22:21,9.513,GB
01.04.24 22:22,9.831,GB
01.04.24 22:22,10.666,GB
01.04.24 22:22,11.325,GB
01.04.24 22:22,11.919,GB
01.04.24 22:22,11.429,GB
01.04.24 22:22,10.705,GB
01.04.24 22:22,11.12,GB
01.04.24 22:22,11.797,GB
01.04.24 22:22,11.796,GB
01.04.24 22:22,11.283,GB
01.04.24 22:22,10.733,GB
01.04.24 22:22,10.37,GB
01.04.24 22:22,9.984,GB
01.04.24 22:22,9.762,GB
01.04.24 22:22,9.472,GB
01.04.24 22:22,9.039,GB
01.04.24 22:22,8.942,GB
01.04.24 22:22,8.66,GB
01.04.24 22:22,8.305,GB
01.04.24 22:22,8.105,GB
01.04.24 22:22,7.895,GB
01.04.24 22:22,7.628,GB
01.04.24 22:22,7.258,GB
01.04.24 22:22,7.222,GB
01.04.24 22:22,7.032,GB
01.04.24 22:22,6.968,GB
01.04.24 22:22,6.719,GB
01.04.24 22:22,6.705,GB
01.04.24 22:22,6.711,GB
01.04.24 22:22,6.639,GB
01.04.24 22:22,6.627,GB
01.04.24 22:22,0.13,GB
